doc_id,Date,URL
1UKHL.txt,2009-06-17,https://publications.parliament.uk/pa/ld200809/ldjudgmt/jd090617/assom.htm
2UKHL.txt,2009-06-17,https://publications.parliament.uk/pa/ld200809/ldjudgmt/jd090617/attgen-1.htm
3UKHL.txt,2009-01-28,https://publications.parliament.uk/pa/ld200809/ldjudgmt/jd090128/austin-1.htm
4UKHL.txt,2009-07-01,https://publications.parliament.uk/pa/ld200809/ldjudgmt/jd090701/bham-1.htm
5UKHL.txt,2009-07-01,https://publications.parliament.uk/pa/ld200809/ldjudgmt/jd090701/chart-1.htm
6UKHL.txt,2009-07-30,https://publications.parliament.uk/pa/ld200809/ldjudgmt/jd090730/fisher-1.htm
7UKHL.txt,2009-02-25,https://publications.parliament.uk/pa/ld200809/ldjudgmt/jd090225/gener-1.htm
8UKHL.txt,2009-04-29,https://publications.parliament.uk/pa/ld200809/ldjudgmt/jd090429/gomes-1.htm
9UKHL.txt,2009-06-17,https://publications.parliament.uk/pa/ld200809/ldjudgmt/jd090617/gray-1.htm
10UKHL.txt,2009-06-10,https://publications.parliament.uk/pa/ld200809/ldjudgmt/jd090610/hanoma-1.htm
11UKHL.txt,2009-06-10,https://publications.parliament.uk/pa/ld200809/ldjudgmt/jd090610/string-1.htm
12UKHL.txt,2009-02-04,https://publications.parliament.uk/pa/ld200809/ldjudgmt/jd090203/holmes-1.htm
13UKHL.txt,2009-03-18,https://publications.parliament.uk/pa/ld200809/ldjudgmt/jd090318/king-1.htm
14UKHL.txt,2009-07-30,https://publications.parliament.uk/pa/ld200809/ldjudgmt/jd090730/lexing-1.htm
15UKHL.txt,2009-02-04,https://publications.parliament.uk/pa/ld200809/ldjudgmt/jd090203/marks.htm
16UKHL.txt,2009-07-30,https://publications.parliament.uk/pa/ld200809/ldjudgmt/jd090730/masri-1.htm
17UKHL.txt,2009-05-20,https://publications.parliament.uk/pa/ld200809/ldjudgmt/jd090520/conkey-1.htm
18UKHL.txt,2009-03-11,https://publications.parliament.uk/pa/ld200809/ldjudgmt/jd090311/mce-1.htm
19UKHL.txt,2009-02-18,https://publications.parliament.uk/pa/ld200809/ldjudgmt/jd090218/mitche-1.htm
20UKHL.txt,2009-07-30,https://publications.parliament.uk/pa/ld200809/ldjudgmt/jd090730/moore-1.htm
21UKHL.txt,2009-01-21,https://publications.parliament.uk/pa/ld200809/ldjudgmt/jd090121/albani-1.htm
22UKHL.txt,2009-05-20,https://publications.parliament.uk/pa/ld200809/ldjudgmt/jd090520/odelol-1.htm
23UKHL.txt,2009-03-11,https://publications.parliament.uk/pa/ld200809/ldjudgmt/jd090311/ofu-1.htm
24UKHL.txt,2009-02-18,https://publications.parliament.uk/pa/ld200809/ldjudgmt/jd090218/rbalge-1.htm
25UKHL.txt,2009-03-04,https://publications.parliament.uk/pa/ld200809/ldjudgmt/jd090304/newh-1.htm
26UKHL.txt,2009-01-21,https://publications.parliament.uk/pa/ld200809/ldjudgmt/jd090121/black-1.htm
27UKHL.txt,2009-05-20,https://publications.parliament.uk/pa/ld200809/ldjudgmt/jd090520/appg-1.htm
28UKHL.txt,2009-07-30,https://publications.parliament.uk/pa/ld200809/ldjudgmt/jd090730/rvpurd-1.htm
29UKHL.txt,2009-04-29,https://publications.parliament.uk/pa/ld200809/ldjudgmt/jd090429/briggs-1.htm
30UKHL.txt,2009-07-30,https://publications.parliament.uk/pa/ld200809/ldjudgmt/jd090730/rvc-1.htm
31UKHL.txt,2009-03-04,https://publications.parliament.uk/pa/ld200809/ldjudgmt/jd090304/rgrj-1.htm
32UKHL.txt,2009-06-10,https://publications.parliament.uk/pa/ld200809/ldjudgmt/jd090610/islam-1.htm
33UKHL.txt,2009-04-29,https://publications.parliament.uk/pa/ld200809/ldjudgmt/jd090429/jtb-1.htm
34UKHL.txt,2009-01-21,https://publications.parliament.uk/pa/ld200809/ldjudgmt/jd090121/wright-1.htm
35UKHL.txt,2009-07-01,https://publications.parliament.uk/pa/ld200809/ldjudgmt/jd090701/sca-1.htm
36UKHL.txt,2009-06-10,https://publications.parliament.uk/pa/ld200809/ldjudgmt/jd090610/af-1.htm
37UKHL.txt,2009-05-06,https://publications.parliament.uk/pa/ld200809/ldjudgmt/jd090506/nasser-1.htm
38UKHL.txt,2009-05-06,https://publications.parliament.uk/pa/ld200809/ldjudgmt/jd090506/james-1.htm
39UKHL.txt,2009-05-20,https://publications.parliament.uk/pa/ld200809/ldjudgmt/jd090520/smith-1.htm
40UKHL.txt,2009-02-11,https://publications.parliament.uk/pa/ld200809/ldjudgmt/jd090211/sugar-1.htm
41UKHL.txt,2009-03-25,https://publications.parliament.uk/pa/ld200809/ldjudgmt/jd090325/thorn-1.htm
42UKHL.txt,2009-07-30,https://publications.parliament.uk/pa/ld200809/ldjudgmt/jd090730/tflvsp-1.htm
43UKHL.txt,2009-01-21,https://publications.parliament.uk/pa/ld200809/ldjudgmt/jd090121/trent-1.htm
44UKHL.txt,2009-06-17,https://publications.parliament.uk/pa/ld200809/ldjudgmt/jd090617/trm.htm
45UKHL.txt,2009-02-04,https://publications.parliament.uk/pa/ld200809/ldjudgmt/jd090203/ztkos-1.htm
46UKHL.txt,2008-01-30,https://publications.parliament.uk/pa/ld200708/ldjudgmt/jd080130/hoare-1.htm
47UKHL.txt,2008-06-25,https://publications.parliament.uk/pa/ld200708/ldjudgmt/jd080625/serbia-1.htm
48UKHL.txt,2008-04-23,https://publications.parliament.uk/pa/ld200708/ldjudgmt/jd080423/ashley-1.htm
49UKHL.txt,2008-06-11,https://publications.parliament.uk/pa/ld200708/ldjudgmt/jd080611/child-1.htm
50UKHL.txt,2008-06-25,https://publications.parliament.uk/pa/ld200708/ldjudgmt/jd080625/beoku-1.htm
51UKHL.txt,2008-01-30,https://publications.parliament.uk/pa/ld200708/ldjudgmt/jd080130/boss-1.htm
52UKHL.txt,2008-05-21,https://publications.parliament.uk/pa/ld200708/ldjudgmt/jd080521/bowden-1.htm
53UKHL.txt,2008-07-30,https://publications.parliament.uk/pa/ld200708/ldjudgmt/jd080730/caldar-1.htm
54UKHL.txt,2008-03-12,https://publications.parliament.uk/pa/ld200708/ldjudgmt/jd080312/britsy-1.htm
55UKHL.txt,2008-06-11,https://publications.parliament.uk/pa/ld200708/ldjudgmt/jd080611/cd-1.htm
56UKHL.txt,2008-06-25,https://publications.parliament.uk/pa/ld200708/ldjudgmt/jd080625/chikwa-1.htm
57UKHL.txt,2008-07-09,https://publications.parliament.uk/pa/ld200708/ldjudgmt/jd080709/comm-1.htm
58UKHL.txt,2008-07-09,https://publications.parliament.uk/pa/ld200708/ldjudgmt/jd080709/conor-1.htm
59UKHL.txt,2008-01-27,https://publications.parliament.uk/pa/ld200708/ldjudgmt/jd080227a/corr-1.htm
60UKHL.txt,2008-05-14,https://publications.parliament.uk/pa/ld200708/ldjudgmt/jd080514/jenn.htm
61UKHL.txt,2008-07-30,https://publications.parliament.uk/pa/ld200708/ldjudgmt/jd080730/dohert-1.htm
62UKHL.txt,2008-01-30,https://publications.parliament.uk/pa/ld200708/ldjudgmt/jd080130/duffy-1.htm
63UKHL.txt,2008-06-25,https://publications.parliament.uk/pa/ld200708/ldjudgmt/jd080625/cadoga-1.htm
64UKHL.txt,2008-12-10,https://publications.parliament.uk/pa/ld200809/ldjudgmt/jd081210/earl-1.htm
65UKHL.txt,2008-06-25,https://publications.parliament.uk/pa/ld200708/ldjudgmt/jd080625/kosovo-1.htm
66UKHL.txt,2008-10-22,https://publications.parliament.uk/pa/ld200708/ldjudgmt/jd081022/leban-1.htm
67UKHL.txt,2008-01-23,https://publications.parliament.uk/pa/ld200708/ldjudgmt/jd080123/flem-1.htm
68UKHL.txt,2008-07-30,https://publications.parliament.uk/pa/ld200708/ldjudgmt/jd080730/gallag-1.htm
69UKHL.txt,2008-10-22,https://publications.parliament.uk/pa/ld200708/ldjudgmt/jd081022/helow-1.htm
70UKHL.txt,2008-01-30,https://publications.parliament.uk/pa/ld200708/ldjudgmt/jd080130/hilali-1.htm
71UKHL.txt,2008-11-26,https://publications.parliament.uk/pa/ld200708/ldjudgmt/jd081126/metro-1.htm
72UKHL.txt,2008-12-10,https://publications.parliament.uk/pa/ld200809/ldjudgmt/jd081210/honey-1.htm
73UKHL.txt,2008-07-30,https://publications.parliament.uk/pa/ld200708/ldjudgmt/jd080730/maco-1.htm
74UKHL.txt,2008-02-06,https://publications.parliament.uk/pa/ld200708/ldjudgmt/jd080206/majors-1.htm
75UKHL.txt,2008-11-12,https://publications.parliament.uk/pa/ld200708/ldjudgmt/jd081112/inrea-1.htm
76UKHL.txt,2008-02-06,https://publications.parliament.uk/pa/ld200708/ldjudgmt/jd080206/maye-1.htm
77UKHL.txt,2008-06-25,https://publications.parliament.uk/pa/ld200708/ldjudgmt/jd080625/lewish-1.htm
78UKHL.txt,2008-04-09,https://publications.parliament.uk/pa/ld200708/ldjudgmt/jd080409/mcgrat-1.htm
79UKHL.txt,2008-07-30,https://publications.parliament.uk/pa/ld200708/ldjudgmt/jd080730/mckinn-1.htm
80UKHL.txt,2008-03-12,https://publications.parliament.uk/pa/ld200708/ldjudgmt/jd080312/norris-1.htm
81UKHL.txt,2008-06-11,https://publications.parliament.uk/pa/ld200708/ldjudgmt/jd080611/avent-1.htm
82UKHL.txt,2008-06-18,https://publications.parliament.uk/pa/ld200708/ldjudgmt/jd080618/inrep-1.htm
83UKHL.txt,2008-01-23,https://publications.parliament.uk/pa/ld200708/ldjudgmt/jd080123/phil-1.htm
84UKHL.txt,2008-02-06,https://publications.parliament.uk/pa/ld200708/ldjudgmt/jd080206/pileck-1.htm
85UKHL.txt,2008-04-16,https://publications.parliament.uk/pa/ld200708/ldjudgmt/jd080416/newnha-1.htm
86UKHL.txt,2008-05-21,https://publications.parliament.uk/pa/ld200708/ldjudgmt/jd080521/asfaw-1.htm
87UKHL.txt,2008-12-10,https://publications.parliament.uk/pa/ld200809/ldjudgmt/jd081210/chargo-1.htm
88UKHL.txt,2008-02-06,https://publications.parliament.uk/pa/ld200708/ldjudgmt/jd080206/clarke-1.htm
89UKHL.txt,2008-06-18,https://publications.parliament.uk/pa/ld200708/ldjudgmt/jd080618/davis-1.htm
90UKHL.txt,2008-06-18,https://publications.parliament.uk/pa/ld200708/ldjudgmt/jd080618/rvg-1.htm
91UKHL.txt,2008-03-12,https://publications.parliament.uk/pa/ld200708/ldjudgmt/jd080312/gg.htm
92UKHL.txt,2008-05-14,https://publications.parliament.uk/pa/ld200708/ldjudgmt/jd080514/may-1.htm
93UKHL.txt,2008-07-02,https://publications.parliament.uk/pa/ld200708/ldjudgmt/jd080702/rahman-1.htm
94UKHL.txt,2008-05-14,https://publications.parliament.uk/pa/ld200708/ldjudgmt/jd080514/green.htm
95UKHL.txt,2008-03-12,https://publications.parliament.uk/pa/ld200708/ldjudgmt/jd080312/animal-1.htm
96UKHL.txt,2008-07-30,https://publications.parliament.uk/pa/ld200708/ldjudgmt/jd080730/rhome-1.htm
97UKHL.txt,2008-10-22,https://publications.parliament.uk/pa/ld200708/ldjudgmt/jd081022/banc-1.htm
98UKHL.txt,2008-04-30,https://publications.parliament.uk/pa/ld200708/ldjudgmt/jd080430/bapio-1.htm
99UKHL.txt,2008-07-30,https://publications.parliament.uk/pa/ld200708/ldjudgmt/jd080730/corner-1.htm
100UKHL.txt,2008-04-16,https://publications.parliament.uk/pa/ld200708/ldjudgmt/jd080416/edward-1.htm
101UKHL.txt,2008-04-09,https://publications.parliament.uk/pa/ld200708/ldjudgmt/jd080409/gentl-1.htm
102UKHL.txt,2008-07-30,https://publications.parliament.uk/pa/ld200708/ldjudgmt/jd080730/heffer-1.htm
103UKHL.txt,2008-11-26,https://publications.parliament.uk/pa/ld200708/ldjudgmt/jd081126/ssj-1.htm
104UKHL.txt,2008-04-30,https://publications.parliament.uk/pa/ld200708/ldjudgmt/jd080430/treasury-1.htm
105UKHL.txt,2008-02-27,https://publications.parliament.uk/pa/ld200708/ldjudgmt/jd080227a/hammer-1.htm
106UKHL.txt,2008-07-30,https://publications.parliament.uk/pa/ld200708/ldjudgmt/jd080730/rmfc-1.htm
107UKHL.txt,2008-10-22,https://publications.parliament.uk/pa/ld200708/ldjudgmt/jd081022/rjm-1.htm
108UKHL.txt,2008-12-10,https://publications.parliament.uk/pa/ld200809/ldjudgmt/jd081210/well-1.htm
109UKHL.txt,2008-02-20,https://publications.parliament.uk/pa/ld200708/ldjudgmt/jd080220/reinwo-1.htm
110UKHL.txt,2008-12-10,https://publications.parliament.uk/pa/ld200809/ldjudgmt/jd081210/savage-1.htm
111UKHL.txt,2008-02-20,https://publications.parliament.uk/pa/ld200708/ldjudgmt/jd080220/scotti-1.htm
112UKHL.txt,2008-02-20,https://publications.parliament.uk/pa/ld200708/ldjudgmt/jd080220/scotti-1.htm
113UKHL.txt,2008-10-29,https://publications.parliament.uk/pa/ld200708/ldjudgmt/jd081029/scot-1.htm
114UKHL.txt,2008-04-16,https://publications.parliament.uk/pa/ld200708/ldjudgmt/jd080416/simmer.htm
115UKHL.txt,2008-07-02,https://publications.parliament.uk/pa/ld200708/ldjudgmt/jd080702/spence-1.htm
116UKHL.txt,2008-03-12,https://publications.parliament.uk/pa/ld200708/ldjudgmt/jd080312/total-1.htm
117UKHL.txt,2008-07-09,https://publications.parliament.uk/pa/ld200708/ldjudgmt/jd080709/trans-1.htm
118UKHL.txt,2008-07-30,https://publications.parliament.uk/pa/ld200708/ldjudgmt/jd080730/vanco-1.htm
119UKHL.txt,2008-07-30,https://publications.parliament.uk/pa/ld200708/ldjudgmt/jd080730/yeoman-1.htm
120UKHL.txt,2008-11-12,https://publications.parliament.uk/pa/ld200708/ldjudgmt/jd081112/zalew-1.htm
121UKHL.txt,2007-06-13,https://publications.parliament.uk/pa/ld200607/ldjudgmt/jd070613/skeini-1.htm
122UKHL.txt,2007-02-07,https://publications.parliament.uk/pa/ld200607/ldjudgmt/jd070207/beggs-1.htm
123UKHL.txt,2007-04-25,https://publications.parliament.uk/pa/ld200607/ldjudgmt/jd070425/belfast-1.htm
124UKHL.txt,2007-05-16,https://publications.parliament.uk/pa/ld200607/ldjudgmt/jd070516/birm-1.htm
125UKHL.txt,2007-05-23,https://publications.parliament.uk/pa/ld200607/ldjudgmt/jd070523/boake-1.htm
126UKHL.txt,2007-01-31,https://publications.parliament.uk/pa/ld200607/ldjudgmt/jd070131/cape-1.htm
127UKHL.txt,2007-05-23,https://publications.parliament.uk/pa/ld200607/ldjudgmt/jd070523/ceredi-1.htm
128UKHL.txt,2007-12-12,https://publications.parliament.uk/pa/ld200708/ldjudgmt/jd071212/clarke-1.htm
129UKHL.txt,2007-02-28,https://publications.parliament.uk/pa/ld200607/ldjudgmt/jd070228/dabas-1.htm
130UKHL.txt,2007-05-16,https://publications.parliament.uk/pa/ld200607/ldjudgmt/jd070516/date-1.htm
131UKHL.txt,2007-01-24,https://publications.parliament.uk/pa/ld200607/ldjudgmt/jd240107/fourie-1.htm
132UKHL.txt,2007-03-28,https://publications.parliament.uk/pa/ld200607/ldjudgmt/jd070328/golden-1.htm
133UKHL.txt,2007-07-11,https://publications.parliament.uk/pa/ld200607/ldjudgmt/jd070711/hami-1.htm
134UKHL.txt,2007-03-28,https://publications.parliament.uk/pa/ld200607/ldjudgmt/jd070328/grant-1.htm
135UKHL.txt,2007-03-21,https://publications.parliament.uk/pa/ld200607/ldjudgmt/jd070321/huang%20-1.htm
136UKHL.txt,2007-12-05,https://publications.parliament.uk/pa/ld200708/ldjudgmt/jd071205/inrem%20-1.htm
137UKHL.txt,2007-07-31,https://publications.parliament.uk/pa/ld200607/ldjudgmt/jd070731/office-1.htm
138UKHL.txt,2007-10-17,https://publications.parliament.uk/pa/ld200607/ldjudgmt/jd071017/johns-1.htm
139UKHL.txt,2007-07-25,https://publications.parliament.uk/pa/ld200607/ldjudgmt/jd070725/jones%20-1.htm
140UKHL.txt,2007-03-28,https://publications.parliament.uk/pa/ld200607/ldjudgmt/jd070328/jordan-1.htm
141UKHL.txt,2007-11-28,https://publications.parliament.uk/pa/ld200708/ldjudgmt/jd071128/kola-1.htm
142UKHL.txt,2007-07-04,https://publications.parliament.uk/pa/ld200607/ldjudgmt/jd070704/lons-1.htm
143UKHL.txt,2007-04-25,https://publications.parliament.uk/pa/ld200607/ldjudgmt/jd070425/melville-1.htm
144UKHL.txt,2007-10-17,https://publications.parliament.uk/pa/ld200607/ldjudgmt/jd071017/jamie-1.htm
145UKHL.txt,2007-05-02,https://publications.parliament.uk/pa/ld200607/ldjudgmt/jd070502/obg-1.htm
146UKHL.txt,2007-03-14,https://publications.parliament.uk/pa/ld200607/ldjudgmt/jd070314/obrien-1.htm
147UKHL.txt,2007-10-31,https://publications.parliament.uk/pa/ld200607/ldjudgmt/jd071031/lloyds-1.htm
148UKHL.txt,2007-10-17,https://publications.parliament.uk/pa/ld200607/ldjudgmt/jd071017/ship-1.htm
149UKHL.txt,2007-10-17,https://publications.parliament.uk/pa/ld200607/ldjudgmt/jd071017/abdro-1.htm
150UKHL.txt,2007-02-28,https://publications.parliament.uk/pa/ld200607/ldjudgmt/jd070228/rvh-1.htm
151UKHL.txt,2007-10-17,https://publications.parliament.uk/pa/ld200607/ldjudgmt/jd071017/kenny-1.htm
152UKHL.txt,2007-12-12,https://publications.parliament.uk/pa/ld200708/ldjudgmt/jd071212/jedda-1.htm
153UKHL.txt,2007-11-28,https://publications.parliament.uk/pa/ld200708/ldjudgmt/jd071128/countr-1.htm
154UKHL.txt,2007-06-20,https://publications.parliament.uk/pa/ld200607/ldjudgmt/jd070620/godman-1.htm
155UKHL.txt,2007-03-28,https://publications.parliament.uk/pa/ld200607/ldjudgmt/jd070328/hurst-1.htm
156UKHL.txt,2007-06-27,https://publications.parliament.uk/pa/ld200607/ldjudgmt/jd070627/grid-1.htm
157UKHL.txt,2007-02-28,https://publications.parliament.uk/pa/ld200607/ldjudgmt/jd070314/stella-1.htm
158UKHL.txt,2007-02-28,https://publications.parliament.uk/pa/ld200607/ldjudgmt/jd070228/rogers.htm
159UKHL.txt,2007-03-07,https://publications.parliament.uk/pa/ld200607/ldjudgmt/jd070307/ritch-1.htm
160UKHL.txt,2007-04-25,https://publications.parliament.uk/pa/ld200607/ldjudgmt/jd070425/river-1.htm
161UKHL.txt,2007-12-12,https://publications.parliament.uk/pa/ld200708/ldjudgmt/jd071212/saber-1.htm
162UKHL.txt,2007-04-25,https://publications.parliament.uk/pa/ld200607/ldjudgmt/jd070425/derby-1.htm
163UKHL.txt,2007-07-04,https://publications.parliament.uk/pa/ld200607/ldjudgmt/jd070704/seal-1.htm
164UKHL.txt,2007-11-14,https://publications.parliament.uk/pa/ld200708/ldjudgmt/jd071114/sshd-1.htm
165UKHL.txt,2007-10-31,https://publications.parliament.uk/pa/ld200607/ldjudgmt/jd071031/homejj-1.htm
166UKHL.txt,2007-10-31,https://publications.parliament.uk/pa/ld200607/ldjudgmt/jd071031/home-1.htm
167UKHL.txt,2007-10-31,https://publications.parliament.uk/pa/ld200607/ldjudgmt/jd071031/dept-1.htm
168UKHL.txt,2007-07-18,https://publications.parliament.uk/pa/ld200607/ldjudgmt/jd070718/sempra-1.htm
169UKHL.txt,2007-10-24,https://publications.parliament.uk/pa/ld200607/ldjudgmt/jd071024/somerv-1.htm
170UKHL.txt,2007-04-25,https://publications.parliament.uk/pa/ld200607/ldjudgmt/jd070425/stack-1.htm
171UKHL.txt,2007-10-17,https://publications.parliament.uk/pa/ld200607/ldjudgmt/jd071017/united-1.htm
172UKHL.txt,2007-11-21,https://publications.parliament.uk/pa/ld200708/ldjudgmt/jd071121/ward-1.htm
173UKHL.txt,2007-11-21,https://publications.parliament.uk/pa/ld200708/ldjudgmt/jd071121/watt-1.htm
174UKHL.txt,2007-02-21,https://publications.parliament.uk/pa/ld200607/ldjudgmt/jd070221/westt-1.htm
175UKHL.txt,2007-11-28,https://publications.parliament.uk/pa/ld200708/ldjudgmt/jd071128/whaley-1.htm
176UKHL.txt,2007-06-20,https://publications.parliament.uk/pa/ld200607/ldjudgmt/jd070620/wilson-1.htm
177UKHL.txt,2007-10-24,https://publications.parliament.uk/pa/ld200607/ldjudgmt/jd071024/yeda-1.htm
178UKHL.txt,2007-06-20,https://publications.parliament.uk/pa/ld200607/ldjudgmt/jd070620/birm-1.htm
179UKHL.txt,2006-05-17,https://publications.parliament.uk/pa/ld200506/ldjudgmt/jd060517/agasro-1.htm
180UKHL.txt,2006-03-22,https://publications.parliament.uk/pa/ld200506/ldjudgmt/jd060322/ali-1.htm
181UKHL.txt,2006-05-03,https://publications.parliament.uk/pa/ld200506/ldjudgmt/jd060503/barker-1.htm
182UKHL.txt,2006-07-12,https://publications.parliament.uk/pa/ld200506/ldjudgmt/jd060712/brad-1.htm
183UKHL.txt,2006-02-15,https://publications.parliament.uk/pa/ld200506/ldjudgmt/jd060215/burton-1.htm
184UKHL.txt,2006-07-19,https://publications.parliament.uk/pa/ld200506/ldjudgmt/jd060719/coutts-1.htm
185UKHL.txt,2006-10-25,https://publications.parliament.uk/pa/ld200506/ldjudgmt/jd061025/morgan-1.htm
186UKHL.txt,2006-07-19,https://publications.parliament.uk/pa/ld200506/ldjudgmt/jd060719/collin-1.htm
187UKHL.txt,2006-07-12,https://publications.parliament.uk/pa/ld200506/ldjudgmt/jd060712/down-1.htm
188UKHL.txt,2006-06-28,https://publications.parliament.uk/pa/ld200506/ldjudgmt/jd060628/farley-1.htm
189UKHL.txt,2006-10-11,https://publications.parliament.uk/pa/ld200506/ldjudgmt/jd061011/freak-1.htm
190UKHL.txt,2006-01-26,https://publications.parliament.uk/pa/ld200506/ldjudgmt/jd060126/gillie-1.htm
191UKHL.txt,2006-07-05,https://publications.parliament.uk/pa/ld200506/ldjudgmt/jd060705/hardin-1.htm
192UKHL.txt,2006-03-01,https://publications.parliament.uk/pa/ld200506/ldjudgmt/jd060301/haward-1.htm
193UKHL.txt,2006-05-10,https://publications.parliament.uk/pa/ld200506/ldjudgmt/jd060510/hend-1.htm
194UKHL.txt,2006-06-21,https://publications.parliament.uk/pa/ld200506/ldjudgmt/jd060621/custom-1.htm
195UKHL.txt,2006-12-13,https://publications.parliament.uk/pa/ld200607/ldjudgmt/jd131206/string-1.htm
196UKHL.txt,2006-06-14,https://publications.parliament.uk/pa/ld200506/ldjudgmt/jd060614/horton-1.htm
197UKHL.txt,2006-07-19,https://publications.parliament.uk/pa/ld200506/ldjudgmt/jd060719/crehan-1.htm
198UKHL.txt,2006-11-16,https://publications.parliament.uk/pa/ld200607/ldjudgmt/jd071116/child-1.htm
199UKHL.txt,2006-07-26,https://publications.parliament.uk/pa/ld200506/ldjudgmt/jd060726/child-1.htm
200UKHL.txt,2006-10-11,https://publications.parliament.uk/pa/ld200506/ldjudgmt/jd061011/jamee-1.htm
201UKHL.txt,2006-02-15,https://publications.parliament.uk/pa/ld200506/ldjudgmt/jd060215/januzi-1.htm
202UKHL.txt,2006-06-14,https://publications.parliament.uk/pa/ld200506/ldjudgmt/jd060614/jones-1.htm
203UKHL.txt,2006-07-26,https://publications.parliament.uk/pa/ld200506/ldjudgmt/jd060726/whall-1.htm
204UKHL.txt,2006-03-08,https://publications.parliament.uk/pa/ld200506/ldjudgmt/jd060308/leeds-1.htm
205UKHL.txt,2006-10-25,https://publications.parliament.uk/pa/ld200506/ldjudgmt/jd061025/land-1.htm
206UKHL.txt,2006-05-10,https://publications.parliament.uk/pa/ld200506/ldjudgmt/jd060510/seph-1.htm
207UKHL.txt,2006-07-12,https://publications.parliament.uk/pa/ld200506/ldjudgmt/jd060712/majro-1.htm
208UKHL.txt,2006-07-12,https://publications.parliament.uk/pa/ld200506/ldjudgmt/jd060712/ecj.htm
209UKHL.txt,2006-03-01,https://publications.parliament.uk/pa/ld200506/ldjudgmt/jd060301/matt-1.htm
210UKHL.txt,2006-05-24,https://publications.parliament.uk/pa/ld200506/ldjudgmt/jd060524/mill-1.htm
211UKHL.txt,2006-06-21,https://publications.parliament.uk/pa/ld200506/ldjudgmt/jd060621/nwales-1.htm
212UKHL.txt,2006-07-26,https://publications.parliament.uk/pa/ld200506/ldjudgmt/jd060726/harrow-1.htm
213UKHL.txt,2006-05-24,https://publications.parliament.uk/pa/ld200506/ldjudgmt/jd060524/oxf-1.htm
214UKHL.txt,2006-02-08,https://publications.parliament.uk/pa/ld200506/ldjudgmt/jd060208/cable-1.htm
215UKHL.txt,2006-03-08,https://publications.parliament.uk/pa/ld200506/ldjudgmt/jd060308/power-1.htm
216UKHL.txt,2006-03-22,https://publications.parliament.uk/pa/ld200506/ldjudgmt/jd060322/begum-1.htm
217UKHL.txt,2006-02-15,https://publications.parliament.uk/pa/ld200506/ldjudgmt/jd060215/bushell-1.htm
218UKHL.txt,2006-12-13,https://publications.parliament.uk/pa/ld200607/ldjudgmt/jd131206/clift-1.htm
219UKHL.txt,2006-06-21,https://publications.parliament.uk/pa/ld200506/ldjudgmt/jd060621/corp.htm
220UKHL.txt,2006-03-08,https://publications.parliament.uk/pa/ld200506/ldjudgmt/jd060308/gillan-1.htm
221UKHL.txt,2006-03-29,https://publications.parliament.uk/pa/ld200506/ldjudgmt/jd060329/jones-1.htm
222UKHL.txt,2006-01-26,https://publications.parliament.uk/pa/ld200506/ldjudgmt/jd060126/long-1.htm
223UKHL.txt,2006-05-03,https://publications.parliament.uk/pa/ld200506/ldjudgmt/jd060503/saik-1.htm
224UKHL.txt,2006-05-03,https://publications.parliament.uk/pa/ld200506/ldjudgmt/jd060503/ssti-1.htm
225UKHL.txt,2006-03-08,https://publications.parliament.uk/pa/ld200506/ldjudgmt/jd060308/sswp-1.htm
226UKHL.txt,2006-01-26,https://publications.parliament.uk/pa/ld200506/ldjudgmt/jd060126/serco-1.htm
227UKHL.txt,2006-07-12,https://publications.parliament.uk/pa/ld200506/ldjudgmt/jd060712/smith-1.htm
228UKHL.txt,2006-07-05,https://publications.parliament.uk/pa/ld200506/ldjudgmt/jd060705/sutrad-1.htm
229UKHL.txt,2006-03-29,https://publications.parliament.uk/pa/ld200506/ldjudgmt/jd060329/watkin-1.htm
230UKHL.txt,2005-12-08,https://publications.parliament.uk/pa/ld200506/ldjudgmt/jd051208/aand-1.htm
231UKHL.txt,2005-03-03,https://publications.parliament.uk/pa/ld200405/ldjudgmt/jd050303/hack.htm
232UKHL.txt,2005-07-28,https://publications.parliament.uk/pa/ld200506/ldjudgmt/jd050728/auto-1.htm
233UKHL.txt,2005-04-21,https://publications.parliament.uk/pa/ld200405/ldjudgmt/jd050421/brooks-1.htm
234UKHL.txt,2005-10-20,https://publications.parliament.uk/pa/ld200506/ldjudgmt/jd051020/camp-1.htm
235UKHL.txt,2005-10-20,https://publications.parliament.uk/pa/ld200506/ldjudgmt/jd051020/coll-1.htm
236UKHL.txt,2005-04-28,https://publications.parliament.uk/pa/ld200405/ldjudgmt/jd050428/concor-1.htm
237UKHL.txt,2005-12-15,https://publications.parliament.uk/pa/ld200506/ldjudgmt/jd051215/dav-1.htm
238UKHL.txt,2005-12-08,https://publications.parliament.uk/pa/ld200506/ldjudgmt/jd051208/deepv-1.htm
239UKHL.txt,2005-10-27,https://publications.parliament.uk/pa/ld200506/ldjudgmt/jd051027/fraser-1.htm
240UKHL.txt,2005-05-12,https://publications.parliament.uk/pa/ld200405/ldjudgmt/jd050512/green.htm
241UKHL.txt,2005-01-27,https://publications.parliament.uk/pa/ld200405/ldjudgmt/jd050127/greg-1.htm
242UKHL.txt,2005-05-19,https://publications.parliament.uk/pa/ld200506/ldjudgmt/jd050519/scot-1.htm
243UKHL.txt,2005-02-03,https://publications.parliament.uk/pa/ld200405/ldjudgmt/jd050203/hilton-1.htm
244UKHL.txt,2005-03-03,https://publications.parliament.uk/pa/ld200405/ldjudgmt/jd050303/hinch-1.htm
245UKHL.txt,2005-03-10,https://publications.parliament.uk/pa/ld200405/ldjudgmt/jd050310/hox-1.htm
246UKHL.txt,2005-05-12,https://publications.parliament.uk/pa/ld200405/ldjudgmt/jd050512/inred-1.htm
247UKHL.txt,2005-06-16,https://publications.parliament.uk/pa/ld200506/ldjudgmt/jd050616/inrej-1.htm
248UKHL.txt,2005-07-07,https://publications.parliament.uk/pa/ld200506/ldjudgmt/jd050707/maccle-1.htm
249UKHL.txt,2005-01-27,https://publications.parliament.uk/pa/ld200405/ldjudgmt/jd050127/bank-1.htm
250UKHL.txt,2005-10-13,https://publications.parliament.uk/pa/ld200506/ldjudgmt/jd051013/jack-1.htm
251UKHL.txt,2005-04-21,https://publications.parliament.uk/pa/ld200405/ldjudgmt/jd050421/east-1.htm
252UKHL.txt,2005-02-16,https://publications.parliament.uk/pa/ld200405/ldjudgmt/jd050216/mac-1.htm
253UKHL.txt,2005-11-24,https://publications.parliament.uk/pa/ld200506/ldjudgmt/jd051124/kent-1.htm
254UKHL.txt,2005-06-30,https://publications.parliament.uk/pa/ld200506/ldjudgmt/jd050630/leso-1.htm
255UKHL.txt,2005-12-01,https://publications.parliament.uk/pa/ld200506/ldjudgmt/jd051201/dfund-1.htm
256UKHL.txt,2005-07-07,https://publications.parliament.uk/pa/ld200506/ldjudgmt/jd050707/macdon-1.htm
257UKHL.txt,2005-06-30,https://publications.parliament.uk/pa/ld200506/ldjudgmt/jd050630/mark-1.htm
258UKHL.txt,2005-07-28,https://publications.parliament.uk/pa/ld200506/ldjudgmt/jd050728/m&s-1.htm
259UKHL.txt,2005-10-20,https://publications.parliament.uk/pa/ld200506/ldjudgmt/jd051020/mh-1.htm
260UKHL.txt,2005-02-03,https://publications.parliament.uk/pa/ld200405/ldjudgmt/jd050203/moy-1.htm
261UKHL.txt,2005-05-05,https://publications.parliament.uk/pa/ld200405/ldjudgmt/jd050505/home-1.htm
262UKHL.txt,2005-06-30,https://publications.parliament.uk/pa/ld200506/ldjudgmt/jd050630/nat-1.htm
263UKHL.txt,2005-04-28,https://publications.parliament.uk/pa/ld200405/ldjudgmt/jd050428/obrien-1.htm
264UKHL.txt,2005-11-17,https://publications.parliament.uk/pa/ld200506/ldjudgmt/jd051117/armas-1.htm
265UKHL.txt,2005-12-15,https://publications.parliament.uk/pa/ld200506/ldjudgmt/jd051215/percy-1.htm
266UKHL.txt,2005-02-10,https://publications.parliament.uk/pa/ld200405/ldjudgmt/jd050210/polan-1.htm
267UKHL.txt,2005-04-28,https://publications.parliament.uk/pa/ld200405/ldjudgmt/jd050428/quint-1.htm
268UKHL.txt,2005-12-01,https://publications.parliament.uk/pa/ld200506/ldjudgmt/jd051201/hammnd-1.htm
269UKHL.txt,2005-03-17,https://publications.parliament.uk/pa/ld200405/ldjudgmt/jd050317/ash-1.htm
270UKHL.txt,2005-10-13,https://publications.parliament.uk/pa/ld200506/ldjudgmt/jd051013/ash-1.htm
271UKHL.txt,2005-07-28,https://publications.parliament.uk/pa/ld200506/ldjudgmt/jd050728/becou-1.htm
272UKHL.txt,2005-03-10,https://publications.parliament.uk/pa/ld200405/ldjudgmt/jd050310/bent-1.htm
273UKHL.txt,2005-01-27,https://publications.parliament.uk/pa/ld200405/ldjudgmt/jd050127/camb-1.htm
274UKHL.txt,2005-03-17,https://publications.parliament.uk/pa/ld200405/ldjudgmt/jd050317/durham-1.htm
275UKHL.txt,2005-03-17,https://publications.parliament.uk/pa/ld200405/ldjudgmt/jd050317/hasan-1.htm
276UKHL.txt,2005-02-03,https://publications.parliament.uk/pa/ld200405/ldjudgmt/jd050203/hayter-1.htm
277UKHL.txt,2005-05-05,https://publications.parliament.uk/pa/ld200405/ldjudgmt/jd050505/wilkin-1.htm
278UKHL.txt,2005-07-21,https://publications.parliament.uk/pa/ld200506/ldjudgmt/jd050721/kni.htm
279UKHL.txt,2005-04-21,https://publications.parliament.uk/pa/ld200405/ldjudgmt/jd050421/mush-1.htm
280UKHL.txt,2005-01-27,https://publications.parliament.uk/pa/ld200405/ldjudgmt/jd050127/parole-1.htm
281UKHL.txt,2005-10-27,https://publications.parliament.uk/pa/ld200506/ldjudgmt/jd051027/gold-1.htm
282UKHL.txt,2005-02-24,https://publications.parliament.uk/pa/ld200405/ldjudgmt/jd050224/will-1.htm
283UKHL.txt,2005-10-13,https://publications.parliament.uk/pa/ld200506/ldjudgmt/jd051013/quark-1.htm
284UKHL.txt,2005-11-03,https://publications.parliament.uk/pa/ld200506/ldjudgmt/jd051103/adam-1.htm
285UKHL.txt,2005-02-16,https://publications.parliament.uk/pa/ld200405/ldjudgmt/jd050216/carrol-1.htm
286UKHL.txt,2005-05-26,https://publications.parliament.uk/pa/ld200506/ldjudgmt/jd050526/bagd-1.htm
287UKHL.txt,2005-05-26,https://publications.parliament.uk/pa/ld200506/ldjudgmt/jd050526/cars-1.htm
288UKHL.txt,2005-02-16,https://publications.parliament.uk/pa/ld200405/ldjudgmt/jd050216/green-1.htm
289UKHL.txt,2005-05-05,https://publications.parliament.uk/pa/ld200405/ldjudgmt/jd050505/hoop-1.htm
290UKHL.txt,2005-06-16,https://publications.parliament.uk/pa/ld200506/ldjudgmt/jd050616/khadir.htm
291UKHL.txt,2005-07-14,https://publications.parliament.uk/pa/ld200506/ldjudgmt/jd050714/kehoe-1.htm
292UKHL.txt,2005-02-16,https://publications.parliament.uk/pa/ld200405/ldjudgmt/jd050216/smith-1.htm
293UKHL.txt,2005-07-21,https://publications.parliament.uk/pa/ld200506/ldjudgmt/jd050721/son-1.htm
294UKHL.txt,2005-02-10,https://publications.parliament.uk/pa/ld200405/ldjudgmt/jd050210/wang-1.htm
295UKHL.txt,2005-05-19,https://publications.parliament.uk/pa/ld200506/ldjudgmt/jd050519/z-1.htm
296UKHL.txt,2005-07-07,https://publications.parliament.uk/pa/ld200506/ldjudgmt/jd050707/robert-1.htm
297UKHL.txt,2005-07-28,https://publications.parliament.uk/pa/ld200506/ldjudgmt/jd050728/dudson-1.htm
298UKHL.txt,2005-07-28,https://publications.parliament.uk/pa/ld200506/ldjudgmt/jd050728/smith-1.htm
299UKHL.txt,2005-10-20,https://publications.parliament.uk/pa/ld200506/ldjudgmt/jd051020/synth-1.htm
300UKHL.txt,2005-10-27,https://publications.parliament.uk/pa/ld200506/ldjudgmt/jd051027/szoma-1.htm
301UKHL.txt,2005-01-27,https://publications.parliament.uk/pa/ld200405/ldjudgmt/jd050127/tren-1.htm
302UKHL.txt,2005-05-05,https://publications.parliament.uk/pa/ld200405/ldjudgmt/jd050505/comm-1.htm
303UKHL.txt,2005-06-30,https://publications.parliament.uk/pa/ld200506/ldjudgmt/jd050630/brom-1.htm
304UKHL.txt,2004-12-16,https://publications.parliament.uk/pa/ld200405/ldjudgmt/jd041216/a&oth-1.htm
305UKHL.txt,2004-05-06,https://publications.parliament.uk/pa/ld200304/ldjudgmt/jd040506/chief-1.htm
306UKHL.txt,2004-06-17,https://publications.parliament.uk/pa/ld200304/ldjudgmt/jd040617/adams-1.htm
307UKHL.txt,2004-02-05,https://publications.parliament.uk/pa/ld200304/ldjudgmt/jd040205/osmani-1.htm
308UKHL.txt,2004-07-01,https://publications.parliament.uk/pa/ld200304/ldjudgmt/jd040701/arch-1.htm
309UKHL.txt,2004-10-14,https://publications.parliament.uk/pa/ld200304/ldjudgmt/jd041014/gen4-1.htm
310UKHL.txt,2004-10-14,https://publications.parliament.uk/pa/ld200304/ldjudgmt/jd041014/gen5-1.htm
311UKHL.txt,2004-04-01,https://publications.parliament.uk/pa/ld200304/ldjudgmt/jd040401/bake-1.htm
312UKHL.txt,2004-04-01,https://publications.parliament.uk/pa/ld200304/ldjudgmt/jd040401/barber-1.htm
313UKHL.txt,2004-11-25,https://publications.parliament.uk/pa/ld200405/ldjudgmt/jd041125/barc-1.htm
314UKHL.txt,2004-11-25,https://publications.parliament.uk/pa/ld200405/ldjudgmt/jd041125/beynon-1.htm
315UKHL.txt,2004-02-05,https://publications.parliament.uk/pa/ld200304/ldjudgmt/jd040205/buch-1.htm
316UKHL.txt,2004-03-04,https://publications.parliament.uk/pa/ld200304/ldjudgmt/jd040304/buchle-1.htm
317UKHL.txt,2004-03-04,https://publications.parliament.uk/pa/ld200304/ldjudgmt/jd040304/burnet-1.htm
318UKHL.txt,2004-05-06,https://publications.parliament.uk/pa/ld200304/ldjudgmt/jd040506/campbe-1.htm
319UKHL.txt,2004-10-14,https://publications.parliament.uk/pa/ld200304/ldjudgmt/jd041014/cheste-1.htm
320UKHL.txt,2004-10-14,https://publications.parliament.uk/pa/ld200304/ldjudgmt/jd041014/jee-1.htm
321UKHL.txt,2004-06-17,https://publications.parliament.uk/pa/ld200304/ldjudgmt/jd040617/critrn-1.htm
322UKHL.txt,2004-07-15,https://publications.parliament.uk/pa/ld200304/ldjudgmt/jd040715/david-1.htm
323UKHL.txt,2004-07-15,https://publications.parliament.uk/pa/ld200304/ldjudgmt/jd040715/dunn-1.htm
324UKHL.txt,2004-07-15,https://publications.parliament.uk/pa/ld200304/ldjudgmt/jd040715/east-1.htm
325UKHL.txt,2004-07-01,https://publications.parliament.uk/pa/ld200304/ldjudgmt/jd040701/fytche-1.htm
326UKHL.txt,2004-06-21,https://publications.parliament.uk/pa/ld200304/ldjudgmt/jd040621/gha-1.htm
327UKHL.txt,2004-04-01,https://publications.parliament.uk/pa/ld200304/ldjudgmt/jd040401/gorr-1.htm
328UKHL.txt,2004-07-22,https://publications.parliament.uk/pa/ld200304/ldjudgmt/jd040722/barn-1.htm
329UKHL.txt,2004-02-26,https://publications.parliament.uk/pa/ld200304/ldjudgmt/jd040226/ziel-1.htm
330UKHL.txt,2004-11-25,https://publications.parliament.uk/pa/ld200405/ldjudgmt/jd041125/prov-1.htm
331UKHL.txt,2004-04-29,https://publications.parliament.uk/pa/ld200304/ldjudgmt/jd040429/mcfar-1.htm
332UKHL.txt,2004-03-11,https://publications.parliament.uk/pa/ld200304/ldjudgmt/jd040311/mckerr-1.htm
333UKHL.txt,2004-10-28,https://publications.parliament.uk/pa/ld200304/ldjudgmt/jd041028/inres-1.htm
334UKHL.txt,2004-05-13,https://publications.parliament.uk/pa/ld200304/ldjudgmt/jd040513/kelly-1.htm
335UKHL.txt,2004-11-25,https://publications.parliament.uk/pa/ld200405/ldjudgmt/jd041125/jind-1.htm
336UKHL.txt,2004-05-06,https://publications.parliament.uk/pa/ld200304/ldjudgmt/jd040506/kerr-1.htm
337UKHL.txt,2004-10-21,https://publications.parliament.uk/pa/ld200304/ldjudgmt/jd041021/kirin-1.htm
338UKHL.txt,2004-07-22,https://publications.parliament.uk/pa/ld200304/ldjudgmt/jd040722/york-1.htm
339UKHL.txt,2004-01-22,https://publications.parliament.uk/pa/ld200304/ldjudgmt/jd040122/conn-1.htm
340UKHL.txt,2004-02-05,https://publications.parliament.uk/pa/ld200304/ldjudgmt/jd040205/hc-1.htm
341UKHL.txt,2004-03-11,https://publications.parliament.uk/pa/ld200304/ldjudgmt/jd040311/sack-1.htm
342UKHL.txt,2004-03-11,https://publications.parliament.uk/pa/ld200304/ldjudgmt/jd040311/midd-1.htm
343UKHL.txt,2004-12-09,https://publications.parliament.uk/pa/ld200405/ldjudgmt/jd041209/roma-1.htm
344UKHL.txt,2004-10-14,https://publications.parliament.uk/pa/ld200304/ldjudgmt/jd041014/j-1.htm
345UKHL.txt,2004-11-25,https://publications.parliament.uk/pa/ld200405/ldjudgmt/jd041125/mont-1.htm
346UKHL.txt,2004-02-26,https://publications.parliament.uk/pa/ld200304/ldjudgmt/jd040226/pca-1.htm
347UKHL.txt,2004-04-29,https://publications.parliament.uk/pa/ld200304/ldjudgmt/jd040429/mullen-1.htm
348UKHL.txt,2004-06-17,https://publications.parliament.uk/pa/ld200304/ldjudgmt/jd040617/razgar-1.htm
349UKHL.txt,2004-07-22,https://publications.parliament.uk/pa/ld200304/ldjudgmt/jd040722/uttley-1.htm
350UKHL.txt,2004-06-17,https://publications.parliament.uk/pa/ld200304/ldjudgmt/jd040617/ullah-1.htm
351UKHL.txt,2004-01-22,https://publications.parliament.uk/pa/ld200304/ldjudgmt/jd040122/webb-1.htm
352UKHL.txt,2004-10-14,https://publications.parliament.uk/pa/ld200304/ldjudgmt/jd041014/sabaf-1.htm
353UKHL.txt,2004-05-13,https://publications.parliament.uk/pa/ld200304/ldjudgmt/jd040513/frid-1.htm
354UKHL.txt,2004-04-29,https://publications.parliament.uk/pa/ld200304/ldjudgmt/jd040429/simmon-1.htm
355UKHL.txt,2004-12-02,https://publications.parliament.uk/pa/ld200405/ldjudgmt/jd041202/sir-1.htm
356UKHL.txt,2004-07-01,https://publications.parliament.uk/pa/ld200304/ldjudgmt/jd040701/south-1.htm
357UKHL.txt,2004-04-01,https://publications.parliament.uk/pa/ld200304/ldjudgmt/jd040401/perth-1.htm
358UKHL.txt,2004-11-11,https://publications.parliament.uk/pa/ld200304/ldjudgmt/jd041111/riv-1.htm
359UKHL.txt,2004-04-29,https://publications.parliament.uk/pa/ld200304/ldjudgmt/jd040429/waters-1.htm
360UKHL.txt,2003-04-03,https://publications.parliament.uk/pa/ld200203/ldjudgmt/jd030403/action-1.htm
361UKHL.txt,2003-12-11,https://publications.parliament.uk/pa/ld200304/ldjudgmt/jd031211/ref2-1.htm
362UKHL.txt,2003-02-13,https://publications.parliament.uk/pa/ld200203/ldjudgmt/jd030213/begum-1.htm
363UKHL.txt,2003-04-10,https://publications.parliament.uk/pa/ld200203/ldjudgmt/jd030410/bellin-1.htm
364UKHL.txt,2003-11-10,https://publications.parliament.uk/pa/ld200203/ldjudgmt/jd031110/ecj.htm
365UKHL.txt,2003-02-20,https://publications.parliament.uk/pa/ld200203/ldjudgmt/jd030220/glaz-1.htm
366UKHL.txt,2003-12-18,https://publications.parliament.uk/pa/ld200304/ldjudgmt/jd031218/asda-1.htm
367UKHL.txt,2003-07-10,https://publications.parliament.uk/pa/ld200203/ldjudgmt/jd030710/cull-1.htm
368UKHL.txt,2003-10-16,https://publications.parliament.uk/pa/ld200203/ldjudgmt/jd031016/laird.htm
369UKHL.txt,2003-02-20,https://publications.parliament.uk/pa/ld200203/ldjudgmt/jd030220/hih-1.htm
370UKHL.txt,2003-04-03,https://publications.parliament.uk/pa/ld200203/ldjudgmt/jd030403/guisto-1.htm
371UKHL.txt,2003-01-30,https://publications.parliament.uk/pa/ld200203/ldjudgmt/jd030130/kanar-1.htm
372UKHL.txt,2003-02-27,https://publications.parliament.uk/pa/ld200203/ldjudgmt/jd030227/inrel-1.htm
373UKHL.txt,2003-04-03,https://publications.parliament.uk/pa/ld200203/ldjudgmt/jd030403/green-1.htm
374UKHL.txt,2003-02-27,https://publications.parliament.uk/pa/ld200203/ldjudgmt/jd030227/inrep-1.htm
375UKHL.txt,2003-02-06,https://publications.parliament.uk/pa/ld200203/ldjudgmt/jd030206/shield-1.htm
376UKHL.txt,2003-06-12,https://publications.parliament.uk/pa/ld200203/ldjudgmt/jd030612/kuwa-1.htm
377UKHL.txt,2003-12-04,https://publications.parliament.uk/pa/ld200304/ldjudgmt/jd031204/lagden-1.htm
378UKHL.txt,2003-06-19,https://publications.parliament.uk/pa/ld200203/ldjudgmt/jd030619/lawal-1.htm
379UKHL.txt,2003-12-04,https://publications.parliament.uk/pa/ld200304/ldjudgmt/jd031204/lex.htm
380UKHL.txt,2003-07-31,https://publications.parliament.uk/pa/ld200203/ldjudgmt/jd030731/lloyds-1.htm
381UKHL.txt,2003-07-31,https://publications.parliament.uk/pa/ld200203/ldjudgmt/jd030731/qazi-1.htm
382UKHL.txt,2003-06-12,https://publications.parliament.uk/pa/ld200203/ldjudgmt/jd030612/lyon-1.htm
383UKHL.txt,2003-06-19,https://publications.parliament.uk/pa/ld200203/ldjudgmt/jd030619/macdon-1.htm
384UKHL.txt,2003-12-04,https://publications.parliament.uk/pa/ld200304/ldjudgmt/jd031204/donnel-1.htm
385UKHL.txt,2003-12-04,https://publications.parliament.uk/pa/ld200304/ldjudgmt/jd031204/marcic-1.htm
386UKHL.txt,2003-02-13,https://publications.parliament.uk/pa/ld200203/ldjudgmt/jd030213/mathws-1.htm
387UKHL.txt,2003-07-31,https://publications.parliament.uk/pa/ld200203/ldjudgmt/jd030731/moyna-1.htm
388UKHL.txt,2003-07-31,https://publications.parliament.uk/pa/ld200203/ldjudgmt/jd030731/mulkrn-1.htm
389UKHL.txt,2003-03-20,https://publications.parliament.uk/pa/ld200203/ldjudgmt/jd030320/mirva-1.htm
390UKHL.txt,2003-07-31,https://publications.parliament.uk/pa/ld200203/ldjudgmt/jd030731/wadge-1.htm
391UKHL.txt,2003-03-13,https://publications.parliament.uk/pa/ld200203/ldjudgmt/jd030313/starsi-1.htm
392UKHL.txt,2003-06-26,https://publications.parliament.uk/pa/ld200203/ldjudgmt/jd030626/aston-1.htm
393UKHL.txt,2003-10-16,https://publications.parliament.uk/pa/ld200203/ldjudgmt/jd031016/darl-1.htm
394UKHL.txt,2003-10-23,https://publications.parliament.uk/pa/ld200203/ldjudgmt/jd031023/juntta-1.htm
395UKHL.txt,2003-04-10,https://publications.parliament.uk/pa/ld200203/ldjudgmt/jd030515/bbc-1.htm
396UKHL.txt,2003-04-10,https://publications.parliament.uk/pa/ld200203/ldjudgmt/jd030410/edison-1.htm
397UKHL.txt,2003-11-13,https://publications.parliament.uk/pa/ld200203/ldjudgmt/jd031113/beres-1.htm
398UKHL.txt,2003-02-27,https://publications.parliament.uk/pa/ld200203/ldjudgmt/jd030227/diets-1.htm
399UKHL.txt,2003-05-08,https://publications.parliament.uk/pa/ld200203/ldjudgmt/jd030508/drew-1.htm
400UKHL.txt,2003-11-13,https://publications.parliament.uk/pa/ld200203/ldjudgmt/jd031113/east-1.htm
401UKHL.txt,2003-10-16,https://publications.parliament.uk/pa/ld200203/ldjudgmt/jd031016/g-1.htm
402UKHL.txt,2003-01-30,https://publications.parliament.uk/pa/ld200203/ldjudgmt/jd030130/regina-1.htm
403UKHL.txt,2003-06-26,https://publications.parliament.uk/pa/ld200203/ldjudgmt/jd030626/rus-1.htm
404UKHL.txt,2003-05-22,https://publications.parliament.uk/pa/ld200203/ldjudgmt/jd030522/john-1.htm
405UKHL.txt,2003-10-23,https://publications.parliament.uk/pa/ld200203/ldjudgmt/jd031023/barnet-1.htm
406UKHL.txt,2003-06-30,https://publications.parliament.uk/pa/ld200203/ldjudgmt/jd030630/bark.htm
407UKHL.txt,2003-07-31,https://publications.parliament.uk/pa/ld200203/ldjudgmt/jd030731/giles-1.htm
408UKHL.txt,2003-12-18,https://publications.parliament.uk/pa/ld200304/ldjudgmt/jd031218/ran-1.htm
409UKHL.txt,2003-03-13,https://publications.parliament.uk/pa/ld200203/ldjudgmt/jd030313/quinta-1.htm
410UKHL.txt,2003-10-16,https://publications.parliament.uk/pa/ld200203/ldjudgmt/jd031016/amin-1.htm
411UKHL.txt,2003-06-26,https://publications.parliament.uk/pa/ld200203/ldjudgmt/jd030626/anuf-1.htm
412UKHL.txt,2003-11-13,https://publications.parliament.uk/pa/ld200203/ldjudgmt/jd031113/sshd-1.htm
413UKHL.txt,2003-03-20,https://publications.parliament.uk/pa/ld200203/ldjudgmt/jd030320/sivak-1.htm
414UKHL.txt,2003-06-19,https://publications.parliament.uk/pa/ld200203/ldjudgmt/jd030619/relax-1.htm
415UKHL.txt,2003-05-22,https://publications.parliament.uk/pa/ld200203/ldjudgmt/jd030522/sun-1.htm
416UKHL.txt,2003-05-08,https://publications.parliament.uk/pa/ld200203/ldjudgmt/jd030508/russ-1.htm
417UKHL.txt,2003-04-10,https://publications.parliament.uk/pa/ld200203/ldjudgmt/jd030410/sage-1.htm
418UKHL.txt,2003-03-20,https://publications.parliament.uk/pa/ld200203/ldjudgmt/jd030320/sepet-1.htm
419UKHL.txt,2003-02-27,https://publications.parliament.uk/pa/ld200203/ldjudgmt/jd030227/sham-1.htm
420UKHL.txt,2003-11-19,https://publications.parliament.uk/pa/ld200203/ldjudgmt/jd031119/shogun-1.htm
421UKHL.txt,2003-05-22,https://publications.parliament.uk/pa/ld200203/ldjudgmt/jd030522/skid-1.htm
422UKHL.txt,2003-06-12,https://publications.parliament.uk/pa/ld200203/ldjudgmt/jd030612/soci-1.htm
423UKHL.txt,2003-12-18,https://publications.parliament.uk/pa/ld200304/ldjudgmt/jd031218/mepc-1.htm
424UKHL.txt,2003-07-31,https://publications.parliament.uk/pa/ld200203/ldjudgmt/jd030731/thomsn-1.htm
425UKHL.txt,2003-07-31,https://publications.parliament.uk/pa/ld200203/ldjudgmt/jd030731/tomlin-1.htm
426UKHL.txt,2003-11-19,https://publications.parliament.uk/pa/ld200203/ldjudgmt/jd031119/trans-1.htm
427UKHL.txt,2003-12-04,https://publications.parliament.uk/pa/ld200304/ldjudgmt/jd031204/ven-1.htm
428UKHL.txt,2003-10-16,https://publications.parliament.uk/pa/ld200203/ldjudgmt/jd031016/wain-1.htm
429UKHL.txt,2003-07-10,https://publications.parliament.uk/pa/ld200203/ldjudgmt/jd030710/will-1.htm
430UKHL.txt,2003-05-22,https://publications.parliament.uk/pa/ld200203/ldjudgmt/jd030522/wrex-1.htm
431UKHL.txt,2002-10-17,https://publications.parliament.uk/pa/ld200102/ldjudgmt/jd021017/albrig-1.htm
432UKHL.txt,2002-06-27,https://publications.parliament.uk/pa/ld200102/ldjudgmt/jd020627/ash-1.htm
433UKHL.txt,2002-02-07,https://publications.parliament.uk/pa/ld200102/ldjudgmt/jd020207/caledo-1.htm
434UKHL.txt,2002-06-27,https://publications.parliament.uk/pa/ld200102/ldjudgmt/jd020627/call-1.htm
435UKHL.txt,2002-04-25,https://publications.parliament.uk/pa/ld200102/ldjudgmt/jd020425/cape-1.htm
436UKHL.txt,2002-04-25,https://publications.parliament.uk/pa/ld200102/ldjudgmt/jd020425/cave-1.htm
437UKHL.txt,2002-10-17,https://publications.parliament.uk/pa/ld200102/ldjudgmt/jd021017/cling-1.htm
438UKHL.txt,2002-07-25,https://publications.parliament.uk/pa/ld200102/ldjudgmt/jd020725/plant-1.htm
439UKHL.txt,2002-04-25,https://publications.parliament.uk/pa/ld200102/ldjudgmt/jd020425/co-op-1.htm
440UKHL.txt,2002-12-05,https://publications.parliament.uk/pa/ld200203/ldjudgmt/jd021205/green-1.htm
441UKHL.txt,2002-11-06,https://publications.parliament.uk/pa/ld200102/ldjudgmt/jd021106/balfou-1.htm
442UKHL.txt,2002-06-20,https://publications.parliament.uk/pa/ld200102/ldjudgmt/jd020620/fchild-1.htm
443UKHL.txt,2002-10-24,https://publications.parliament.uk/pa/ld200102/ldjudgmt/jd021024/grobb-1.htm
444UKHL.txt,2002-04-25,https://publications.parliament.uk/pa/ld200102/ldjudgmt/jd020425/heaton-1.htm
445UKHL.txt,2002-12-12,https://publications.parliament.uk/pa/ld200203/ldjudgmt/jd021212/punch-1.htm
446UKHL.txt,2002-06-20,https://publications.parliament.uk/pa/ld200102/ldjudgmt/jd020620/ni-1.htm
447UKHL.txt,2002-03-14,https://publications.parliament.uk/pa/ld200102/ldjudgmt/jd020314/inres-1.htm
448UKHL.txt,2002-02-20,https://publications.parliament.uk/pa/ld200102/ldjudgmt/jd020220/kahn-1.htm
449UKHL.txt,2002-02-28,https://publications.parliament.uk/pa/ld200102/ldjudgmt/jd020228/king-1.htm
450UKHL.txt,2002-05-16,https://publications.parliament.uk/pa/ld200102/ldjudgmt/jd020516/kuwait-1.htm
451UKHL.txt,2002-12-05,https://publications.parliament.uk/pa/ld200203/ldjudgmt/jd021205/malek-1.htm
452UKHL.txt,2002-06-27,https://publications.parliament.uk/pa/ld200102/ldjudgmt/jd020627/medc-1.htm
453UKHL.txt,2002-02-28,https://publications.parliament.uk/pa/ld200102/ldjudgmt/jd020228/amin-1.htm
454UKHL.txt,2002-04-18,https://publications.parliament.uk/pa/ld200102/ldjudgmt/jd020418/gersn-1.htm
455UKHL.txt,2002-07-04,https://publications.parliament.uk/pa/ld200102/ldjudgmt/jd020704/graham-1.htm
456UKHL.txt,2002-01-24,https://publications.parliament.uk/pa/ld200102/ldjudgmt/jd020124/benja-1.htm
457UKHL.txt,2002-07-18,https://publications.parliament.uk/pa/ld200102/ldjudgmt/jd020718/boyd-1.htm
458UKHL.txt,2002-05-16,https://publications.parliament.uk/pa/ld200102/ldjudgmt/jd020516/rott-1.htm
459UKHL.txt,2002-02-28,https://publications.parliament.uk/pa/ld200102/ldjudgmt/jd020228/esusse-1.htm
460UKHL.txt,2002-02-20,https://publications.parliament.uk/pa/ld200102/ldjudgmt/jd020220/jones-1.htm
461UKHL.txt,2002-11-25,https://publications.parliament.uk/pa/ld200203/ldjudgmt/jd021125/lich-1.htm
462UKHL.txt,2002-05-23,https://publications.parliament.uk/pa/ld200102/ldjudgmt/jd020523/burket-1.htm
463UKHL.txt,2002-11-14,https://publications.parliament.uk/pa/ld200203/ldjudgmt/jd021114/lyons-1.htm
464UKHL.txt,2002-07-25,https://publications.parliament.uk/pa/ld200102/ldjudgmt/jd020725/sten-1.htm
465UKHL.txt,2002-06-20,https://publications.parliament.uk/pa/ld200102/ldjudgmt/jd020620/pope-1.htm
466UKHL.txt,2002-01-24,https://publications.parliament.uk/pa/ld200102/ldjudgmt/jd020124/rezvi-1.htm
467UKHL.txt,2002-11-14,https://publications.parliament.uk/pa/ld200203/ldjudgmt/jd021114/byrne-1.htm
468UKHL.txt,2002-10-31,https://publications.parliament.uk/pa/ld200102/ldjudgmt/jd021031/regina-1.htm
469UKHL.txt,2002-11-25,https://publications.parliament.uk/pa/ld200203/ldjudgmt/jd021125/ander-1.htm
470UKHL.txt,2002-01-24,https://publications.parliament.uk/pa/ld200102/ldjudgmt/jd020124/zeqiri-1.htm
471UKHL.txt,2002-10-17,https://publications.parliament.uk/pa/ld200102/ldjudgmt/jd021017/yoga-1.htm
472UKHL.txt,2002-03-21,https://publications.parliament.uk/pa/ld200102/ldjudgmt/jd020321/shayle-1.htm
473UKHL.txt,2002-05-16,https://publications.parliament.uk/pa/ld200102/ldjudgmt/jd020516/morgan-1.htm
474UKHL.txt,2002-06-20,https://publications.parliament.uk/pa/ld200102/ldjudgmt/jd020620/wngton-1.htm
475UKHL.txt,2002-07-25,https://publications.parliament.uk/pa/ld200102/ldjudgmt/jd020725/robert-1.htm
476UKHL.txt,2002-07-25,https://publications.parliament.uk/pa/ld200102/ldjudgmt/jd020725/robin-1.htm
477UKHL.txt,2002-04-25,https://publications.parliament.uk/pa/ld200102/ldjudgmt/jd020425/brompt-1.htm
478UKHL.txt,2002-11-06,https://publications.parliament.uk/pa/ld200102/ldjudgmt/jd021106/pakist-1.htm
479UKHL.txt,2002-03-21,https://publications.parliament.uk/pa/ld200102/ldjudgmt/jd020321/yardle-1.htm
480UKHL.txt,2002-10-17,https://publications.parliament.uk/pa/ld200102/ldjudgmt/jd021017/westmi-1.htm
481UKHL.txt,2001-11-01,https://publications.parliament.uk/pa/ld200102/ldjudgmt/jd011101/moham-1.htm
482UKHL.txt,2001-12-13,https://publications.parliament.uk/pa/ld200102/ldjudgmt/jd011213/aib-1.htm
483UKHL.txt,2001-05-09,https://publications.parliament.uk/pa/ld200001/ldjudgmt/jd010509/alcon-1.htm
484UKHL.txt,2001-04-04,https://publications.parliament.uk/pa/ld200001/ldjudgmt/jd010404/amoco-1.htm
485UKHL.txt,2001-10-18,https://publications.parliament.uk/pa/ld200102/ldjudgmt/jd011018/aneco-1.htm
486UKHL.txt,2001-03-22,https://publications.parliament.uk/pa/ld200001/ldjudgmt/jd010322/anyanw-1.htm
487UKHL.txt,2001-11-08,https://publications.parliament.uk/pa/ld200102/ldjudgmt/jd011108/ashwth-1.htm
488UKHL.txt,2001-10-18,https://publications.parliament.uk/pa/ld200102/ldjudgmt/jd011018/bp-1.htm
489UKHL.txt,2001-03-01,https://publications.parliament.uk/pa/ld200001/ldjudgmt/jd010301/credit-1.htm
490UKHL.txt,2001-10-11,https://publications.parliament.uk/pa/ld200102/ldjudgmt/jd011011/etridg-1.htm
491UKHL.txt,2001-05-17,https://publications.parliament.uk/pa/ld200001/ldjudgmt/jd010517/betti-1.htm
492UKHL.txt,2001-03-22,https://publications.parliament.uk/pa/ld200001/ldjudgmt/jd010322/intern-1.htm
493UKHL.txt,2001-11-22,https://publications.parliament.uk/pa/ld200102/ldjudgmt/jd011122/canta-1.htm
494UKHL.txt,2001-07-05,https://publications.parliament.uk/pa/ld200102/ldjudgmt/jd010705/cant-1.htm
495UKHL.txt,2001-01-31,https://publications.parliament.uk/pa/ld200001/ldjudgmt/jd010131/card.htm
496UKHL.txt,2001-06-28,https://publications.parliament.uk/pa/ld200102/ldjudgmt/jd010628/staff-1.htm
497UKHL.txt,2001-10-11,https://publications.parliament.uk/pa/ld200102/ldjudgmt/jd011011/khan-1.htm
498UKHL.txt,2001-05-23,https://publications.parliament.uk/pa/ld200001/ldjudgmt/jd010523/liver-1.htm
499UKHL.txt,2001-06-07,https://publications.parliament.uk/pa/ld200001/ldjudgmt/jd010607/collis-1.htm
500UKHL.txt,2001-02-08,https://publications.parliament.uk/pa/ld200001/ldjudgmt/jd010208/parmah-1.htm
501UKHL.txt,2001-10-25,https://publications.parliament.uk/pa/ld200102/ldjudgmt/jd011025/dela-1.htm
502UKHL.txt,2001-10-25,https://publications.parliament.uk/pa/ld200102/ldjudgmt/jd011025/fair-1.htm
503UKHL.txt,2001-12-13,https://publications.parliament.uk/pa/ld200102/ldjudgmt/jd011213/dono-1.htm
504UKHL.txt,2001-04-04,https://publications.parliament.uk/pa/ld200001/ldjudgmt/jd010404/eastbrn-1.htm
505UKHL.txt,2001-10-11,https://publications.parliament.uk/pa/ld200102/ldjudgmt/jd011011/farley-1.htm
506UKHL.txt,2001-01-25,https://publications.parliament.uk/pa/ld200001/ldjudgmt/jd010125/montgo-1.htm
507UKHL.txt,2001-03-22,https://publications.parliament.uk/pa/ld200001/ldjudgmt/jd010322/hallam-1.htm
508UKHL.txt,2001-03-08,https://publications.parliament.uk/pa/ld200001/ldjudgmt/jd010308/islam-1.htm
509UKHL.txt,2001-04-04,https://publications.parliament.uk/pa/ld200001/ldjudgmt/jd010404/ngrid-1.htm
510UKHL.txt,2001-06-28,https://publications.parliament.uk/pa/ld200102/ldjudgmt/jd010628/norris-1.htm
511UKHL.txt,2001-12-17,https://publications.parliament.uk/pa/ld200102/ldjudgmt/jd011217/fawwaz-1.htm
512UKHL.txt,2001-12-17,https://publications.parliament.uk/pa/ld200102/ldjudgmt/jd011217/inreb-1.htm
513UKHL.txt,2001-03-22,https://publications.parliament.uk/pa/ld200001/ldjudgmt/jd010322/johnso-1.htm
514UKHL.txt,2001-06-07,https://publications.parliament.uk/pa/ld200001/ldjudgmt/jd010607/kuddus-1.htm
515UKHL.txt,2000-07-27,https://publications.parliament.uk/pa/ld200001/ldjudgmt/jd010208/kuwait-1.htm
516UKHL.txt,2001-05-03,https://publications.parliament.uk/pa/ld200001/ldjudgmt/jd010503/lister-1.htm
517UKHL.txt,2001-07-05,https://publications.parliament.uk/pa/ld200102/ldjudgmt/jd010705/m-1.htm
518UKHL.txt,2001-02-08,https://publications.parliament.uk/pa/ld200001/ldjudgmt/jd010208/macniv-1.htm
519UKHL.txt,2001-12-13,https://publications.parliament.uk/pa/ld200102/ldjudgmt/jd011213/magill-1.htm
520UKHL.txt,2001-01-18,https://publications.parliament.uk/pa/ld200001/ldjudgmt/jd010118/manife-1.htm
521UKHL.txt,2001-07-12,https://publications.parliament.uk/pa/ld200102/ldjudgmt/jd010712/mcgra-1.htm
522UKHL.txt,2001-07-12,https://publications.parliament.uk/pa/ld200102/ldjudgmt/jd010712/news-1.htm
523UKHL.txt,2001-06-28,https://publications.parliament.uk/pa/ld200102/ldjudgmt/jd010628/optid-1.htm
524UKHL.txt,2001-01-18,https://publications.parliament.uk/pa/ld200001/ldjudgmt/jd010118/intern-1.htm
525UKHL.txt,2001-02-08,https://publications.parliament.uk/pa/ld200001/ldjudgmt/jd010208/presto-1.htm
526UKHL.txt,2001-05-17,https://publications.parliament.uk/pa/ld200001/ldjudgmt/jd010517/regina-1.htm
527UKHL.txt,2001-10-11,https://publications.parliament.uk/pa/ld200102/ldjudgmt/jd011011/allen-1.htm
528UKHL.txt,2001-12-17,https://publications.parliament.uk/pa/ld200102/ldjudgmt/jd011217/regina-1.htm
529UKHL.txt,2001-05-23,https://publications.parliament.uk/pa/ld200001/ldjudgmt/jd010523/newfi-1.htm
530UKHL.txt,2001-10-11,https://publications.parliament.uk/pa/ld200102/ldjudgmt/jd011011/dimsey-1.htm
531UKHL.txt,2001-07-19,https://publications.parliament.uk/pa/ld200102/ldjudgmt/jd010719/forbes-1.htm
532UKHL.txt,2001-03-08,https://publications.parliament.uk/pa/ld200001/ldjudgmt/jd010308/mehann-1.htm
533UKHL.txt,2001-07-25,https://publications.parliament.uk/pa/ld200102/ldjudgmt/jd010725/dan-1.htm
534UKHL.txt,2001-07-25,https://publications.parliament.uk/pa/ld200102/ldjudgmt/jd010725/k-1.htm
535UKHL.txt,2001-11-29,https://publications.parliament.uk/pa/ld200102/ldjudgmt/jd011129/kansal-1.htm
536UKHL.txt,2001-07-05,https://publications.parliament.uk/pa/ld200102/ldjudgmt/jd010705/regina-1.htm
537UKHL.txt,2001-03-08,https://publications.parliament.uk/pa/ld200001/ldjudgmt/jd010308/wardle-1.htm
538UKHL.txt,2001-10-25,https://publications.parliament.uk/pa/ld200102/ldjudgmt/jd011025/loose-1.htm
539UKHL.txt,2001-12-13,https://publications.parliament.uk/pa/ld200102/ldjudgmt/jd011213/pendle-1.htm
540UKHL.txt,2001-10-25,https://publications.parliament.uk/pa/ld200102/ldjudgmt/jd011025/sargen-1.htm
541UKHL.txt,2001-05-23,https://publications.parliament.uk/pa/ld200001/ldjudgmt/jd010523/daly-1.htm
542UKHL.txt,2001-12-13,https://publications.parliament.uk/pa/ld200102/ldjudgmt/jd011213/smith-1.htm
543UKHL.txt,2001-04-04,https://publications.parliament.uk/pa/ld200001/ldjudgmt/jd010404/scande-1.htm
544UKHL.txt,2001-10-11,https://publications.parliament.uk/pa/ld200102/ldjudgmt/jd011011/rehman-1.htm
545UKHL.txt,2001-06-28,https://publications.parliament.uk/pa/ld200102/ldjudgmt/jd010628/shann-1.htm
546UKHL.txt,2001-11-08,https://publications.parliament.uk/pa/ld200102/ldjudgmt/jd011108/smith-1.htm
547UKHL.txt,2001-03-22,https://publications.parliament.uk/pa/ld200001/ldjudgmt/jd010322/three-1.htm
548UKHL.txt,2001-12-13,https://publications.parliament.uk/pa/ld200102/ldjudgmt/jd011213/grovit-1.htm
549UKHL.txt,2001-11-29,https://publications.parliament.uk/pa/ld200102/ldjudgmt/jd011129/pretty-1.htm
550UKHL.txt,2001-10-11,https://publications.parliament.uk/pa/ld200102/ldjudgmt/jd011011/uratem-1.htm
551UKHL.txt,2001-03-01,https://publications.parliament.uk/pa/ld200001/ldjudgmt/jd010301/white-1.htm
552UKHL.txt,2000-02-17,https://publications.parliament.uk/pa/ld199900/ldjudgmt/jd000217/agnew-1.htm
553UKHL.txt,2000-07-27,https://publications.parliament.uk/pa/ld199900/ldjudgmt/jd000727/alp-1.htm
554UKHL.txt,2000-07-20,https://publications.parliament.uk/pa/ld199900/ldjudgmt/jd000720/hall-1.htm
555UKHL.txt,2000-12-14,https://publications.parliament.uk/pa/ld200001/ldjudgmt/jd001214/agref-1.htm
556UKHL.txt,2000-02-23,https://publications.parliament.uk/pa/ld199900/ldjudgmt/jd000223/b-1.htm
557UKHL.txt,2000-01-27,https://publications.parliament.uk/pa/ld199900/ldjudgmt/jd000127/barret.htm
558UKHL.txt,2000-05-11,https://publications.parliament.uk/pa/ld199900/ldjudgmt/jd000511/bere-1.htm
559UKHL.txt,2000-07-06,https://publications.parliament.uk/pa/ld199900/ldjudgmt/jd000706/berk-1.htm
560UKHL.txt,2000-11-29,https://publications.parliament.uk/pa/ld199900/ldjudgmt/jd001129/birmin-1.htm
561UKHL.txt,2000-01-27,https://publications.parliament.uk/pa/ld199900/ldjudgmt/jd000127/burrid.htm
562UKHL.txt,2000-02-17,https://publications.parliament.uk/pa/ld199900/ldjudgmt/jd000217/burton-1.htm
563UKHL.txt,2000-10-26,https://publications.parliament.uk/pa/ld199900/ldjudgmt/jd001026/cadoga-1.htm
564UKHL.txt,2000-10-12,https://publications.parliament.uk/pa/ld199900/ldjudgmt/jd001012/canada-1.htm
565UKHL.txt,2000-05-11,https://publications.parliament.uk/pa/ld199900/ldjudgmt/jd000511/faulds-1.htm
566UKHL.txt,2000-07-27,https://publications.parliament.uk/pa/ld199900/ldjudgmt/jd000727/dark-1.htm
567UKHL.txt,2000-11-23,https://publications.parliament.uk/pa/ld199900/ldjudgmt/jd001123/design-1.htm
568UKHL.txt,2000-05-11,https://publications.parliament.uk/pa/ld199900/ldjudgmt/jd000511/dimond-1.htm
569UKHL.txt,2000-03-09,https://publications.parliament.uk/pa/ld199900/ldjudgmt/jd000309/dingle-1.htm
570UKHL.txt,2000-07-20,https://publications.parliament.uk/pa/ld199900/ldjudgmt/jd000720/equite-1.htm
571UKHL.txt,2000-05-18,https://publications.parliament.uk/pa/ld199900/ldjudgmt/jd000518/fosk01.htm
572UKHL.txt,2000-05-18,https://publications.parliament.uk/pa/ld199900/ldjudgmt/jd000518/garn.htm
573UKHL.txt,2000-02-03,https://publications.parliament.uk/pa/ld199900/ldjudgmt/jd000203/glasgo.htm
574UKHL.txt,2000-06-15,https://publications.parliament.uk/pa/ld199900/ldjudgmt/jd000615/goodes-1.htm
575UKHL.txt,2000-01-27,https://publications.parliament.uk/pa/ld199900/ldjudgmt/jd000127/gregor-1.htm
576UKHL.txt,2000-12-14,https://publications.parliament.uk/pa/ld200001/ldjudgmt/jd001214/halfpe-1.htm
577UKHL.txt,1999-10-07,https://publications.parliament.uk/pa/ld199900/ldjudgmt/jd000323/alfaye-1.htm
578UKHL.txt,2000-07-20,https://publications.parliament.uk/pa/ld199900/ldjudgmt/jd000720/hollan-1.htm
579UKHL.txt,2000-07-27,https://publications.parliament.uk/pa/ld199900/ldjudgmt/jd000727/blake-1.htm
580UKHL.txt,2000-07-06,https://publications.parliament.uk/pa/ld199900/ldjudgmt/jd000706/horv-1.htm
581UKHL.txt,2000-03-30,https://publications.parliament.uk/pa/ld199900/ldjudgmt/jd000330/hurst-1.htm
582UKHL.txt,2000-03-09,https://publications.parliament.uk/pa/ld199900/ldjudgmt/jd000309/inco.htm
583UKHL.txt,2000-06-15,https://publications.parliament.uk/pa/ld199900/ldjudgmt/jd000615/burke-1.htm
584UKHL.txt,2000-02-03,https://publications.parliament.uk/pa/ld199900/ldjudgmt/jd000203/inreh.htm
585UKHL.txt,2000-12-14,https://publications.parliament.uk/pa/ld200001/ldjudgmt/jd001214/johnso-1.htm
586UKHL.txt,2000-05-18,https://publications.parliament.uk/pa/ld199900/ldjudgmt/jd000518/jolley-1.htm
587UKHL.txt,2000-07-27,https://publications.parliament.uk/pa/ld199900/ldjudgmt/jd000727/lafarg-1.htm
588UKHL.txt,2000-03-16,https://publications.parliament.uk/pa/ld199900/ldjudgmt/jd000316/lanc-1.htm
589UKHL.txt,2000-11-02,https://publications.parliament.uk/pa/ld199900/ldjudgmt/jd001102/miah.htm
590UKHL.txt,2000-02-17,https://publications.parliament.uk/pa/ld199900/ldjudgmt/jd000217/morgan-1.htm
591UKHL.txt,2000-02-17,https://publications.parliament.uk/pa/ld199900/ldjudgmt/jd000217/newell-1.htm
592UKHL.txt,2000-07-27,https://publications.parliament.uk/pa/ld199900/ldjudgmt/jd000727/phelp-1.htm
593UKHL.txt,2000-03-30,https://publications.parliament.uk/pa/ld199900/ldjudgmt/jd000330/ant-1.htm
594UKHL.txt,2000-12-14,https://publications.parliament.uk/pa/ld200001/ldjudgmt/jd001214/forbes.htm#start
595UKHL.txt,2000-07-27,https://publications.parliament.uk/pa/ld199900/ldjudgmt/jd000727/evans-1.htm
596UKHL.txt,2000-02-17,https://publications.parliament.uk/pa/ld199900/ldjudgmt/jd000217/hert-1.htm
597UKHL.txt,2000-10-26,https://publications.parliament.uk/pa/ld199900/ldjudgmt/jd001026/hinks-1.htm
598UKHL.txt,2000-04-06,https://publications.parliament.uk/pa/ld199900/ldjudgmt/jd000406/walker-1.htm
599UKHL.txt,2000-06-08,https://publications.parliament.uk/pa/ld200001/ldjudgmt/jd001211/pappl-1.htm
600UKHL.txt,2000-02-17,https://publications.parliament.uk/pa/ld199900/ldjudgmt/jd000217/seymou-1.htm
601UKHL.txt,2000-12-07,https://publications.parliament.uk/pa/ld200001/ldjudgmt/jd001207/spath-1.htm
602UKHL.txt,2000-12-07,https://publications.parliament.uk/pa/ld200001/ldjudgmt/jd001207/tobacc-1.htm
603UKHL.txt,2000-01-27,https://publications.parliament.uk/pa/ld199900/ldjudgmt/jd000127/parte-1.htm
604UKHL.txt,2000-12-19,https://publications.parliament.uk/pa/ld200001/ldjudgmt/jd001219/adan-1.htm
605UKHL.txt,2000-03-30,https://publications.parliament.uk/pa/ld199900/ldjudgmt/jd000330/hind.htm
606UKHL.txt,2000-11-02,https://publications.parliament.uk/pa/ld199900/ldjudgmt/jd001102/east.htm
607UKHL.txt,2000-07-27,https://publications.parliament.uk/pa/ld199900/ldjudgmt/jd000727/smith-1.htm
608UKHL.txt,2000-06-22,https://publications.parliament.uk/pa/ld199900/ldjudgmt/jd000622/z-1.htm
609UKHL.txt,2000-07-20,https://publications.parliament.uk/pa/ld199900/ldjudgmt/jd000720/lubbe-1.htm
610UKHL.txt,2000-05-18,https://publications.parliament.uk/pa/ld199900/ldjudgmt/jd000518/steed.htm
611UKHL.txt,2000-05-11,https://publications.parliament.uk/pa/ld199900/ldjudgmt/jd000511/taylor.htm
612UKHL.txt,2000-05-18,https://publications.parliament.uk/pa/ld199900/ldjudgmt/jd000518/rivers-1.htm
613UKHL.txt,2000-11-02,https://publications.parliament.uk/pa/ld199900/ldjudgmt/jd001102/turk-1.htm
614UKHL.txt,2000-07-20,https://publications.parliament.uk/pa/ld199900/ldjudgmt/jd000720/wire.htm
615UKHL.txt,2000-03-16,https://publications.parliament.uk/pa/ld199900/ldjudgmt/jd000316/w1-6.htm
616UKHL.txt,2000-04-06,https://publications.parliament.uk/pa/ld199900/ldjudgmt/jd000406/cent.htm
617UKHL.txt,2000-07-27,https://publications.parliament.uk/pa/ld199900/ldjudgmt/jd000727/waters-1.htm
618UKHL.txt,2000-12-07,https://publications.parliament.uk/pa/ld200001/ldjudgmt/jd001207/whist-1.htm
619UKHL.txt,2000-10-26,https://publications.parliament.uk/pa/ld199900/ldjudgmt/jd001026/white-1.htm
620UKHL.txt,2000-06-22,https://publications.parliament.uk/pa/ld199900/ldjudgmt/jd000622/wild-1.htm
621UKHL.txt,2000-04-06,https://publications.parliament.uk/pa/ld199900/ldjudgmt/jd000406/wise-1.htm
622UKHL.txt,1999-04-29,https://publications.parliament.uk/pa/ld199899/ldjudgmt/jd990429/alan.htm
623UKHL.txt,1999-07-15,https://publications.parliament.uk/pa/ld199899/ldjudgmt/jd990715/axis.htm
624UKHL.txt,1999-10-21,https://publications.parliament.uk/pa/ld199899/ldjudgmt/jd991021/barc.htm
625UKHL.txt,1999-06-17,https://publications.parliament.uk/pa/ld199899/ldjudgmt/jd990617/barret01.htm
626UKHL.txt,1999-07-22,https://publications.parliament.uk/pa/ld199899/ldjudgmt/jd990722/barry.htm
627UKHL.txt,1999-06-24,https://publications.parliament.uk/pa/ld199899/ldjudgmt/jd990624/bruton.htm
628UKHL.txt,1999-11-18,https://publications.parliament.uk/pa/ld199900/ldjudgmt/jd991118/car.htm
629UKHL.txt,1999-07-01,https://publications.parliament.uk/pa/ld199899/ldjudgmt/jd990701/bt.htm
630UKHL.txt,1999-02-11,https://publications.parliament.uk/pa/ld199899/ldjudgmt/jd990211/redrow01.htm
631UKHL.txt,1999-07-15,https://publications.parliament.uk/pa/ld199899/ldjudgmt/jd990715/reeves01.htm
632UKHL.txt,1999-11-25,https://publications.parliament.uk/pa/ld199900/ldjudgmt/jd991125/lesley-1.htm
633UKHL.txt,1999-02-18,https://publications.parliament.uk/pa/ld199899/ldjudgmt/jd990218/credit.htm
634UKHL.txt,1999-02-04,https://publications.parliament.uk/pa/ld199899/ldjudgmt/jd990204/moran01.htm
635UKHL.txt,1999-03-25,https://publications.parliament.uk/pa/ld199899/ldjudgmt/jd990325/dawson1.htm
636UKHL.txt,1999-03-04,https://publications.parliament.uk/pa/ld199899/ldjudgmt/jd990304/jones01.htm
637UKHL.txt,1999-10-28,https://publications.parliament.uk/pa/ld199899/ldjudgmt/jd991028/fitz01.htm
638UKHL.txt,1999-04-29,https://publications.parliament.uk/pa/ld199899/ldjudgmt/jd990429/bruns.htm
639UKHL.txt,1999-11-18,https://publications.parliament.uk/pa/ld199900/ldjudgmt/jd991118/ici.htm
640UKHL.txt,1999-10-05,https://publications.parliament.uk/pa/ld199900/ldjudgmt/jd991118/ellis-1.htm
641UKHL.txt,1999-03-11,https://publications.parliament.uk/pa/ld199899/ldjudgmt/jd990311/inreb.htm
642UKHL.txt,1999-03-25,https://publications.parliament.uk/pa/ld199899/ldjudgmt/jd990325/insti.htm
643UKHL.txt,1999-03-25,https://publications.parliament.uk/pa/ld199899/ldjudgmt/jd990325/islam01.htm
644UKHL.txt,1999-03-11,https://publications.parliament.uk/pa/ld199899/ldjudgmt/jd990311/kuwait.htm
645UKHL.txt,1999-10-21,https://publications.parliament.uk/pa/ld199899/ldjudgmt/jd991021/mills-1.htm
646UKHL.txt,1999-11-25,https://publications.parliament.uk/pa/ld199900/ldjudgmt/jd991125/macfar-1.htm
647UKHL.txt,1999-07-15,https://publications.parliament.uk/pa/ld199899/ldjudgmt/jd990715/mann.htm
648UKHL.txt,1999-06-17,https://publications.parliament.uk/pa/ld199899/ldjudgmt/jd990617/mcknight.htm
649UKHL.txt,1999-07-22,https://publications.parliament.uk/pa/ld199899/ldjudgmt/jd990722/modahl.htm
650UKHL.txt,1999-07-08,https://publications.parliament.uk/pa/ld199899/ldjudgmt/jd990708/foyle.htm
651UKHL.txt,1999-10-21,https://publications.parliament.uk/pa/ld199899/ldjudgmt/jd991021/nessa.htm
652UKHL.txt,1999-05-20,https://publications.parliament.uk/pa/ld199899/ldjudgmt/jd990520/neill01.htm
653UKHL.txt,1999-06-24,https://publications.parliament.uk/pa/ld199899/ldjudgmt/jd990624/piglo.htm
654UKHL.txt,1999-02-18,https://publications.parliament.uk/pa/ld199899/ldjudgmt/jd990218/plat01.htm
655UKHL.txt,1999-03-24,https://publications.parliament.uk/pa/ld199899/ldjudgmt/jd990324/pino1.htm
656UKHL.txt,1999-03-11,https://publications.parliament.uk/pa/ld199899/ldjudgmt/jd990311/bing.htm
657UKHL.txt,1999-07-15,https://publications.parliament.uk/pa/ld199899/ldjudgmt/jd990805/bow.htm
658UKHL.txt,1999-03-25,https://publications.parliament.uk/pa/ld199899/ldjudgmt/jd990325/crim.htm
659UKHL.txt,1999-10-28,https://publications.parliament.uk/pa/ld199899/ldjudgmt/jd991028/kabel-1.htm
660UKHL.txt,1999-12-14,https://publications.parliament.uk/pa/ld199900/ldjudgmt/jd991214/granad-1.htm
661UKHL.txt,1999-02-11,https://publications.parliament.uk/pa/ld199899/ldjudgmt/jd990211/york.htm
662UKHL.txt,1999-06-24,https://publications.parliament.uk/pa/ld199899/ldjudgmt/jd990624/sun.htm
663UKHL.txt,1999-07-08,https://publications.parliament.uk/pa/ld199899/ldjudgmt/jd990708/lawrie.htm
664UKHL.txt,1999-02-11,https://publications.parliament.uk/pa/ld199899/ldjudgmt/jd990211/salem.htm
665UKHL.txt,1999-07-08,https://publications.parliament.uk/pa/ld199899/ldjudgmt/jd990708/obrien01.htm
666UKHL.txt,1999-10-28,https://publications.parliament.uk/pa/ld199899/ldjudgmt/jd991028/factor-1.htm
667UKHL.txt,1999-10-28,https://publications.parliament.uk/pa/ld199899/ldjudgmt/jd991028/rey01.htm
668UKHL.txt,1999-03-25,https://publications.parliament.uk/pa/ld199899/ldjudgmt/jd990325/lloyd.htm
669UKHL.txt,1999-03-25,https://publications.parliament.uk/pa/ld199899/ldjudgmt/jd990325/svenska.htm
670UKHL.txt,1999-07-15,https://publications.parliament.uk/pa/ld199899/ldjudgmt/jd990715/swig01.htm
671UKHL.txt,1999-10-21,https://publications.parliament.uk/pa/ld199899/ldjudgmt/jd991021/vehicle.htm
672UKHL.txt,1999-03-18,https://publications.parliament.uk/pa/ld199899/ldjudgmt/jd990318/nuttall.htm
673UKHL.txt,1998-04-02,https://publications.parliament.uk/pa/ld199798/ldjudgmt/jd980402/patel01.htm
674UKHL.txt,1998-05-20,https://publications.parliament.uk/pa/ld199798/ldjudgmt/jd980520/baltic01.htm
675UKHL.txt,1998-12-16,https://publications.parliament.uk/pa/ld199899/ldjudgmt/jd981216/baltic.htm
676UKHL.txt,1998-02-26,https://publications.parliament.uk/pa/ld199798/ldjudgmt/jd980226/banq01.htm
677UKHL.txt,1998-05-20,https://publications.parliament.uk/pa/ld199798/ldjudgmt/jd980520/beau01.htm
678UKHL.txt,1998-04-02,https://publications.parliament.uk/pa/ld199798/ldjudgmt/jd980402/bodd01.htm
679UKHL.txt,1998-10-29,https://publications.parliament.uk/pa/ld199798/ldjudgmt/jd981029/brit01.htm
680UKHL.txt,1998-12-10,https://publications.parliament.uk/pa/ld199899/ldjudgmt/jd981208/bt01.htm
681UKHL.txt,1998-02-26,https://publications.parliament.uk/pa/ld199798/ldjudgmt/jd980226/love01.htm
682UKHL.txt,1998-10-22,https://publications.parliament.uk/pa/ld199798/ldjudgmt/jd981022/clarke01.htm
683UKHL.txt,1998-06-18,https://publications.parliament.uk/pa/ld199798/ldjudgmt/jd980618/custom01.htm
684UKHL.txt,1998-12-03,https://publications.parliament.uk/pa/ld199899/ldjudgmt/jd981203/cook.htm
685UKHL.txt,1998-07-29,https://publications.parliament.uk/pa/ld199798/ldjudgmt/jd980729/jack01.htm
686UKHL.txt,1998-07-16,https://publications.parliament.uk/pa/ld199798/ldjudgmt/jd980716/dollar01.htm
687UKHL.txt,1998-01-22,https://publications.parliament.uk/pa/ld199798/ldjudgmt/jd980122/effort01.htm
688UKHL.txt,1998-02-05,https://publications.parliament.uk/pa/ld199798/ldjudgmt/jd980205/empre01.htm
689UKHL.txt,1998-12-03,https://publications.parliament.uk/pa/ld199899/ldjudgmt/jd981203/hutch01.htm
690UKHL.txt,1998-12-10,https://publications.parliament.uk/pa/ld199899/ldjudgmt/jd981208/ingram01.htm
691UKHL.txt,1998-07-29,https://publications.parliament.uk/pa/ld199798/ldjudgmt/jd980729/ismail.htm
692UKHL.txt,1998-06-25,https://publications.parliament.uk/pa/ld199798/ldjudgmt/jd980625/inrel01.htm
693UKHL.txt,1998-12-17,https://publications.parliament.uk/pa/ld199899/ldjudgmt/jd990115/pino01.htm
694UKHL.txt,1998-05-20,https://publications.parliament.uk/pa/ld199798/ldjudgmt/jd980520/inret.htm
695UKHL.txt,1998-12-16,https://publications.parliament.uk/pa/ld199899/ldjudgmt/jd981216/james01.htm
696UKHL.txt,1998-07-29,https://publications.parliament.uk/pa/ld199798/ldjudgmt/jd980729/kelly01.htm
697UKHL.txt,1998-10-29,https://publications.parliament.uk/pa/ld199798/ldjudgmt/jd981029/klein01.htm
698UKHL.txt,1998-12-03,https://publications.parliament.uk/pa/ld199899/ldjudgmt/jd981203/krol.htm
699UKHL.txt,1998-07-29,https://publications.parliament.uk/pa/ld199798/ldjudgmt/jd980729/lowsley.htm
700UKHL.txt,1998-07-29,https://publications.parliament.uk/pa/ld199798/ldjudgmt/jd980729/newlon.htm
701UKHL.txt,1998-07-16,https://publications.parliament.uk/pa/ld199798/ldjudgmt/jd980716/page01.htm
702UKHL.txt,1998-06-25,https://publications.parliament.uk/pa/ld199798/ldjudgmt/jd980625/pick01.htm
703UKHL.txt,1998-02-05,https://publications.parliament.uk/pa/ld199798/ldjudgmt/jd980205/prest01.htm
704UKHL.txt,1998-12-18,https://publications.parliament.uk/pa/ld199899/ldjudgmt/jd981218/prince01.htm
705UKHL.txt,1998-01-22,https://publications.parliament.uk/pa/ld199798/ldjudgmt/jd980122/redrow.htm
706UKHL.txt,1998-11-25,https://publications.parliament.uk/pa/ld199899/ldjudgmt/jd981125/pino01.htm
707UKHL.txt,1998-04-02,https://publications.parliament.uk/pa/ld199798/ldjudgmt/jd980402/burt01.htm
708UKHL.txt,1998-11-11,https://publications.parliament.uk/pa/ld199798/ldjudgmt/jd981111/chief01.htm
709UKHL.txt,1998-07-23,https://publications.parliament.uk/pa/ld199798/ldjudgmt/jd980723/fahia.htm
710UKHL.txt,1998-05-20,https://publications.parliament.uk/pa/ld199798/ldjudgmt/jd980520/anast01.htm
711UKHL.txt,1998-03-12,https://publications.parliament.uk/pa/ld199798/ldjudgmt/jd980312/camden.htm
712UKHL.txt,1998-04-02,https://publications.parliament.uk/pa/ld199798/ldjudgmt/jd980402/adan01.htm
713UKHL.txt,1998-03-12,https://publications.parliament.uk/pa/ld199798/ldjudgmt/jd980312/franc.htm
714UKHL.txt,1998-07-23,https://publications.parliament.uk/pa/ld199798/ldjudgmt/jd980723/staff.htm
715UKHL.txt,1998-04-02,https://publications.parliament.uk/pa/ld199798/ldjudgmt/jd980402/bowl.htm
716UKHL.txt,1998-07-22,https://publications.parliament.uk/pa/ld199798/ldjudgmt/jd980722/wool.htm
717UKHL.txt,1998-01-22,https://publications.parliament.uk/pa/ld199798/ldjudgmt/jd980122/stewart.htm
718UKHL.txt,1998-02-26,https://publications.parliament.uk/pa/ld199798/ldjudgmt/jd980226/stocz01.htm
719UKHL.txt,1998-01-22,https://publications.parliament.uk/pa/ld199798/ldjudgmt/jd980122/strat.htm
720UKHL.txt,1998-10-29,https://publications.parliament.uk/pa/ld199798/ldjudgmt/jd981029/taylor01.htm
721UKHL.txt,1998-05-20,https://publications.parliament.uk/pa/ld199798/ldjudgmt/jd980520/total01.htm
722UKHL.txt,1998-12-16,https://publications.parliament.uk/pa/ld199899/ldjudgmt/jd981216/nell01.htm
723UKHL.txt,1998-12-03,https://publications.parliament.uk/pa/ld199899/ldjudgmt/jd981203/white01.htm
724UKHL.txt,1998-04-30,https://publications.parliament.uk/pa/ld199798/ldjudgmt/jd980430/williams.htm
725UKHL.txt,1997-07-24,https://publications.parliament.uk/pa/ld199798/ldjudgmt/jd970724/gneral01.htm
726UKHL.txt,1997-11-13,https://publications.parliament.uk/pa/ld199798/ldjudgmt/jd971113/boli01.htm
727UKHL.txt,1997-11-27,https://publications.parliament.uk/pa/ld199798/ldjudgmt/jd971127/wolke01.htm
728UKHL.txt,1997-11-27,https://publications.parliament.uk/pa/ld199798/ldjudgmt/jd971127/norg01.htm
729UKHL.txt,1997-10-16,https://publications.parliament.uk/pa/ld199798/ldjudgmt/jd971016/edin01.htm
730UKHL.txt,1997-12-16,https://publications.parliament.uk/pa/ld199798/ldjudgmt/jd971216/clyd01.htm
731UKHL.txt,1997-05-21,https://publications.parliament.uk/pa/ld199798/ldjudgmt/jd970521/cock01.htm
732UKHL.txt,1997-06-12,https://publications.parliament.uk/pa/ld199798/ldjudgmt/jd970612/mcguc01.htm
733UKHL.txt,1997-07-10,https://publications.parliament.uk/pa/ld199798/ldjudgmt/jd970710/willough.htm
734UKHL.txt,1997-07-24,https://publications.parliament.uk/pa/ld199798/ldjudgmt/jd970724/con01.htm
735UKHL.txt,1997-05-21,https://publications.parliament.uk/pa/ld199798/ldjudgmt/jd970521/coop01.htm
736UKHL.txt,1997-02-20,https://publications.parliament.uk/pa/ld199697/ldjudgmt/jd970220/mcke01.htm
737UKHL.txt,1997-05-01,https://publications.parliament.uk/pa/ld199697/ldjudgmt/jd970501/elites01.htm
738UKHL.txt,1997-02-27,https://publications.parliament.uk/pa/ld199697/ldjudgmt/jd970227/clyde01.htm
739UKHL.txt,1997-11-13,https://publications.parliament.uk/pa/ld199798/ldjudgmt/jd971113/girv01.htm
740UKHL.txt,1997-04-24,https://publications.parliament.uk/pa/ld199697/ldjudgmt/jd970424/grovit.htm
741UKHL.txt,1997-04-24,https://publications.parliament.uk/pa/ld199697/ldjudgmt/jd970424/hunter01.htm
742UKHL.txt,1997-05-01,https://publications.parliament.uk/pa/ld199697/ldjudgmt/jd970501/inreg01.htm
743UKHL.txt,1997-04-10,https://publications.parliament.uk/pa/ld199697/ldjudgmt/jd970410/inreh01.htm
744UKHL.txt,1997-06-19,https://publications.parliament.uk/pa/ld199798/ldjudgmt/jd970619/levin.htm
745UKHL.txt,1997-07-24,https://publications.parliament.uk/pa/ld199798/ldjudgmt/jd970724/inres01.htm
746UKHL.txt,1997-06-19,https://publications.parliament.uk/pa/ld199798/ldjudgmt/jd970619/invest01.htm
747UKHL.txt,1997-10-30,https://publications.parliament.uk/pa/ld199798/ldjudgmt/jd971030/klein01.htm
748UKHL.txt,1997-03-13,https://publications.parliament.uk/pa/ld199697/ldjudgmt/jd970313/john01.htm
749UKHL.txt,1997-11-27,https://publications.parliament.uk/pa/ld199798/ldjudgmt/jd971127/long01.htm
750UKHL.txt,1997-06-12,https://publications.parliament.uk/pa/ld199798/ldjudgmt/jd970612/malik01.htm
751UKHL.txt,1997-05-21,https://publications.parliament.uk/pa/ld199798/ldjudgmt/jd970521/mann01.htm
752UKHL.txt,1997-02-27,https://publications.parliament.uk/pa/ld199697/ldjudgmt/jd970227/foods01.htm
753UKHL.txt,1997-10-30,https://publications.parliament.uk/pa/ld199798/ldjudgmt/jd971030/morris01.htm
754UKHL.txt,1997-03-13,https://publications.parliament.uk/pa/ld199697/ldjudgmt/jd970313/mulv01.htm
755UKHL.txt,1997-11-27,https://publications.parliament.uk/pa/ld199798/ldjudgmt/jd971127/nykr01.htm
756UKHL.txt,1997-06-12,https://publications.parliament.uk/pa/ld199798/ldjudgmt/jd970612/rourk01.htm
757UKHL.txt,1997-02-20,https://publications.parliament.uk/pa/ld199697/ldjudgmt/jd970220/acott01.htm
758UKHL.txt,1997-07-24,https://publications.parliament.uk/pa/ld199798/ldjudgmt/jd970724/brown01.htm
759UKHL.txt,1997-07-24,https://publications.parliament.uk/pa/ld199798/ldjudgmt/jd970724/irland01.htm
760UKHL.txt,1997-10-16,https://publications.parliament.uk/pa/ld199798/ldjudgmt/jd971016/begley.htm
761UKHL.txt,1997-11-13,https://publications.parliament.uk/pa/ld199798/ldjudgmt/jd971113/emmett.htm
762UKHL.txt,1997-03-20,https://publications.parliament.uk/pa/ld199697/ldjudgmt/jd970320/barry01.htm
763UKHL.txt,1997-12-16,https://publications.parliament.uk/pa/ld199798/ldjudgmt/jd971216/mart01.htm
764UKHL.txt,1997-07-24,https://publications.parliament.uk/pa/ld199798/ldjudgmt/jd970724/mills01.htm
765UKHL.txt,1997-07-24,https://publications.parliament.uk/pa/ld199798/ldjudgmt/jd970724/myers01.htm
766UKHL.txt,1997-10-30,https://publications.parliament.uk/pa/ld199798/ldjudgmt/jd971030/powell01.htm
767UKHL.txt,1997-03-13,https://publications.parliament.uk/pa/ld199697/ldjudgmt/jd970313/seym01.htm
768UKHL.txt,1997-05-21,https://publications.parliament.uk/pa/ld199798/ldjudgmt/jd970521/laund01.htm
769UKHL.txt,1997-07-24,https://publications.parliament.uk/pa/ld199798/ldjudgmt/jd970724/piers01.htm
770UKHL.txt,1997-06-12,https://publications.parliament.uk/pa/ld199798/ldjudgmt/jd970612/vandt01.htm
771UKHL.txt,1997-05-21,https://publications.parliament.uk/pa/ld199798/ldjudgmt/jd970521/wicks01.htm
772UKHL.txt,1997-10-16,https://publications.parliament.uk/pa/ld199798/ldjudgmt/jd971016/india01.htm
773UKHL.txt,1997-02-06,https://publications.parliament.uk/pa/ld199697/ldjudgmt/jd970206/sand01.htm
774UKHL.txt,1997-11-13,https://publications.parliament.uk/pa/ld199798/ldjudgmt/jd971113/sarrio.htm
775UKHL.txt,1997-02-06,https://publications.parliament.uk/pa/ld199697/ldjudgmt/jd970206/semco01.htm
776UKHL.txt,1997-02-27,https://publications.parliament.uk/pa/ld199697/ldjudgmt/jd970227/sharp01.htm
777UKHL.txt,1997-02-06,https://publications.parliament.uk/pa/ld199697/ldjudgmt/jd970206/shimiz01.htm
778UKHL.txt,1997-06-12,https://publications.parliament.uk/pa/ld199798/ldjudgmt/jd970612/smit01.htm
779UKHL.txt,1997-10-16,https://publications.parliament.uk/pa/ld199798/ldjudgmt/jd971016/soden.htm
780UKHL.txt,1997-11-27,https://publications.parliament.uk/pa/ld199798/ldjudgmt/jd971127/zafar.htm
781UKHL.txt,1997-10-16,https://publications.parliament.uk/pa/ld199798/ldjudgmt/jd971016/tracy01.htm